symbol,name,sector,subsector,industry,subindustry,board
AADI,PT Adaro Andalan Indonesia Tbk,Energi,"Minyak, Gas & Batu Bara",Batu Bara,Produksi Batu Bara,Utama
AALI,Astra Agro Lestari Tbk,Barang Konsumen Primer,Makanan & Minuman,Produk Makanan Pertanian,Perkebunan & Tanaman Pangan,Utama
ABBA,Mahaka Media Tbk,Barang Konsumen Non-Primer,Media & Hiburan,Media,Penerbitan,Pemantauan Khusus
ABDA,PT Asuransi Bina Dana Arta Tbk,Keuangan,Asuransi,Asuransi,Asuransi Umum,Pengembangan
ABMM,ABM Investama Tbk,Energi,"Minyak, Gas & Batu Bara",Batu Bara,Produksi Batu Bara,Utama
ACES,PT Aspirasi Hidup Indonesia Tbk,Barang Konsumen Non-Primer,Perdagangan Ritel,Ritel Khusus,Ritel Barang Rumah Tangga,Utama
ACRO,PT Samcro Hyosung Adilestari Tbk.,Barang Konsumen Non-Primer,Pakaian & Barang Mewah,Pakaian & Barang Mewah,Tekstil,Pengembangan
ACST,PT Acset Indonusa Tbk.,Infrastruktur,Konstruksi Bangunan,Konstruksi Bangunan,Konstruksi Bangunan,Pemantauan Khusus
ADCP,PT Adhi Commuter Properti Tbk,Properti & Real Estat,Properti & Real Estat,Pengelola & Pengembang Real Estat,Pengembang & Operator Real Estat,Pengembangan
ADES,Akasha Wira International Tbk  Tbk,Barang Konsumen Primer,Makanan & Minuman,Minuman,Minuman Ringan,Pemantauan Khusus
ADHI,PT Adhi Karya (Persero) Tbk.,Infrastruktur,Konstruksi Bangunan,Konstruksi Bangunan,Konstruksi Bangunan,Utama
ADMF,Adira Dinamika Multi Finance Tbk,Keuangan,Jasa Pembiayaan,Pembiayaan Konsumen,Pembiayaan Konsumen,Pengembangan
ADMG,Polychem Indonesia Tbk,Barang Baku,Barang Baku,Barang Kimia,Barang Kimia Dasar,Pengembangan
ADMR,PT Alamtri Minerals Indonesia Tbk,Energi,"Minyak, Gas & Batu Bara",Batu Bara,Produksi Batu Bara,Utama
ADRO,Alamtri Resources Indonesia Tbk,Energi,"Minyak, Gas & Batu Bara",Batu Bara,Produksi Batu Bara,Utama
AEGS,PT Anugerah Spareparts Sejahtera Tbk.,Barang Konsumen Non-Primer,Otomotif & Komponen Otomotif,Komponen Otomotif,Suku Cadang Otomotif,Akselerasi
AGAR,PT Asia Sejahtera Mina Tbk,Barang Konsumen Primer,Makanan & Minuman,Produk Makanan Pertanian,"Ikan, Daging & Produk Unggas",Pengembangan
AGII,PT Samator Indo Gas Tbk,Barang Baku,Barang Baku,Barang Kimia,Barang Kimia Dasar,Pengembangan
AGRO,PT Bank Raya Indonesia Tbk,Keuangan,Bank,Bank,Bank,Utama
AGRS,PT Bank IBK Indonesia Tbk.,Keuangan,Bank,Bank,Bank,Pengembangan
AHAP,Asuransi Harta Aman Pratama Tbk,Keuangan,Asuransi,Asuransi,Asuransi Umum,Pengembangan
AIMS,PT Artha Mahiya Investama Tbk,Energi,"Minyak, Gas & Batu Bara",Batu Bara,Produksi Batu Bara,Pengembangan
AISA,PT FKS Food Sejahtera Tbk,Barang Konsumen Primer,Makanan & Minuman,Makanan Olahan,Makanan Olahan,Utama
AKKU,PT Anugerah Kagum Karya Utama Tbk,Barang Konsumen Non-Primer,Jasa Konsumen,Pariwisata & Rekreasi,"Hotel, Resor & Kapal Pesiar",Pemantauan Khusus
AKPI,Argha Karya Prima Ind. Tbk,Barang Baku,Barang Baku,Barang Kimia,Barang Kimia Khusus,Pengembangan
AKRA,PT AKR Corporindo Tbk.,Energi,"Minyak, Gas & Batu Bara",Minyak & Gas,Penyimpanan & Distribusi Minyak & Gas,Utama
AKSI,PT Mineral Sumberdaya Mandiri Tbk,Transportasi & Logistik,Logistik & Pengantaran,Logistik & Pengantaran,Logistik & Pengantaran,Pengembangan
ALDO,Alkindo Naratama Tbk,Barang Baku,Barang Baku,Wadah & Kemasan,Wadah & Kemasan,Utama
ALII,PT Ancara Logistics Indonesia Tbk,Energi,"Minyak, Gas & Batu Bara",Batu Bara,Distribusi Batu Bara,Utama
ALKA,Alakasa Industrindo Tbk,Barang Baku,Barang Baku,Logam & Mineral,Alumunium,Pemantauan Khusus
ALMI,Alumindo Light Metal Industry Tbk,Barang Baku,Barang Baku,Logam & Mineral,Alumunium,Pemantauan Khusus
ALTO,Tri Banyan Tirta Tbk,Barang Konsumen Primer,Makanan & Minuman,Minuman,Minuman Ringan,Pemantauan Khusus
AMAG,Asuransi Multi Artha Guna Tbk,Keuangan,Asuransi,Asuransi,Asuransi Umum,Utama
AMAN,PT Makmur Berkah Amanda Tbk.,Properti & Real Estat,Properti & Real Estat,Pengelola & Pengembang Real Estat,Pengembang & Operator Real Estat,Pengembangan
AMAR,PT Bank Amar Indonesia Tbk.,Keuangan,Bank,Bank,Bank,Utama
AMFG,Asahimas Flat Glass Tbk,Perindustrian,Barang Perindustrian,Produk & Perlengkapan Bangunan,Produk & Perlengkapan Bangunan,Pengembangan
AMIN,PT Ateliers Mecaniques D Indonesie Tbk.,Perindustrian,Barang Perindustrian,Mesin,Mesin & Komponen Perindustrian,Pengembangan
AMMN,PT Amman Mineral Internasional Tbk.,Barang Baku,Barang Baku,Logam & Mineral,Tembaga,Utama
AMMS,PT Agung Menjangan Mas Tbk,Barang Konsumen Primer,Makanan & Minuman,Produk Makanan Pertanian,"Ikan, Daging & Produk Unggas",Akselerasi
AMOR,PT Ashmore Asset Management Indonesia Tbk.,Keuangan,Jasa Investasi,Jasa Investasi,Manajemen Investasi,Pengembangan
AMRT,PT Sumber Alfaria Trijaya Tbk.,Barang Konsumen Primer,Perdagangan Ritel Barang Primer,Perdagangan Ritel Barang Primer,Supermarket,Utama
ANDI,PT Andira Agro Tbk,Barang Konsumen Primer,Makanan & Minuman,Produk Makanan Pertanian,Perkebunan & Tanaman Pangan,Pemantauan Khusus
ANJT,PT Austindo Nusantara Jaya Tbk.,Barang Konsumen Primer,Makanan & Minuman,Produk Makanan Pertanian,Perkebunan & Tanaman Pangan,Pengembangan
ANTM,PT ANTAM (Persero) Tbk,Barang Baku,Barang Baku,Logam & Mineral,Logam & Mineral Lainnya,Utama
APEX,Apexindo Pratama Duta Tbk,Energi,"Minyak, Gas & Batu Bara","Pendukung Minyak, Gas & Batu Bara",Jasa Pengeboran Minyak & Gas,Pengembangan
APIC,PACIFIC STRATEGIC FINANCIAL Tbk,Keuangan,Perusahaan Holding & Investasi,Perusahaan Holding & Investasi,Perusahaan Holding Keuangan,Pengembangan
APII,PT Arita Prima Indonesia Tbk.,Perindustrian,Barang Perindustrian,Mesin,Mesin & Komponen Perindustrian,Pengembangan
APLI,Asiaplast Industries Tbk,Barang Baku,Barang Baku,Barang Kimia,Barang Kimia Khusus,Pengembangan
APLN,PT Agung Podomoro Land Tbk.,Properti & Real Estat,Properti & Real Estat,Pengelola & Pengembang Real Estat,Pengembang & Operator Real Estat,Utama
ARCI,PT Archi Indonesia Tbk,Barang Baku,Barang Baku,Logam & Mineral,Emas,Pengembangan
AREA,PT Dunia Virtual Online Tbk,Teknologi,Perangkat Lunak & Jasa TI,Jasa & Konsultan TI,Jasa & Konsultan TI,Pengembangan
ARGO,Argo Pantes Tbk,Barang Konsumen Non-Primer,Pakaian & Barang Mewah,Pakaian & Barang Mewah,Tekstil,Pengembangan
ARII,Atlas Resources Tbk,Energi,"Minyak, Gas & Batu Bara",Batu Bara,Produksi Batu Bara,Pengembangan
ARKA,PT Arkha Jayanti Persada Tbk.,Perindustrian,Barang Perindustrian,Mesin,Mesin & Komponen Perindustrian,Pemantauan Khusus
ARKO,PT Arkora Hydro Tbk.,Infrastruktur,Utilitas,Utilitas Listrik,Utilitas Listrik,Pengembangan
ARMY,PT Armidian Karyatama Tbk,Properti & Real Estat,Properti & Real Estat,Pengelola & Pengembang Real Estat,Pengembang & Operator Real Estat,Pemantauan Khusus
ARNA,Arwana Citramulia Tbk,Perindustrian,Barang Perindustrian,Produk & Perlengkapan Bangunan,Produk & Perlengkapan Bangunan,Utama
ARTA,Arthavest Tbk,Barang Konsumen Non-Primer,Jasa Konsumen,Pariwisata & Rekreasi,"Hotel, Resor & Kapal Pesiar",Pengembangan
ARTI,Ratu Prabu Energi Tbk,Energi,"Minyak, Gas & Batu Bara","Pendukung Minyak, Gas & Batu Bara","Jasa & Perlengkapan Minyak, Gas & Batu Bara",Pemantauan Khusus
ARTO,PT Bank Jago Tbk.,Keuangan,Bank,Bank,Bank,Utama
ASBI,Asuransi Bintang Tbk,Keuangan,Asuransi,Asuransi,Asuransi Umum,Pengembangan
ASDM,Asuransi Dayin Mitra Tbk,Keuangan,Asuransi,Asuransi,Asuransi Umum,Pengembangan
ASGR,Astra Graphia Tbk,Perindustrian,Jasa Perindustrian,Jasa Komersial,Jasa Pendukung Bisnis,Utama
ASHA,PT Cilacap Samudera Fishing Industry Tbk,Barang Konsumen Primer,Makanan & Minuman,Produk Makanan Pertanian,"Ikan, Daging & Produk Unggas",Pengembangan
ASII,Astra International Tbk,Perindustrian,Perusahaan Holding Multi Sektor,Perusahaan Holding Multi-sektor,Perusahaan Holding Multi-sektor,Utama
ASJT,Asuransi Jasa Tania Tbk,Keuangan,Asuransi,Asuransi,Asuransi Umum,Pengembangan
ASLC,PT Autopedia Sukses Lestari Tbk,Barang Konsumen Non-Primer,Perdagangan Ritel,Ritel Khusus,Ritel Otomotif,Pengembangan
ASLI,PT Asri Karya Lestari Tbk.,Infrastruktur,Konstruksi Bangunan,Konstruksi Bangunan,Konstruksi Bangunan,Pengembangan
ASMI,PT Asuransi Maximus Graha Persada Tbk.,Keuangan,Asuransi,Asuransi,Asuransi Umum,Pemantauan Khusus
ASPI,PT Andalan Sakti Primaindo Tbk.,Properti & Real Estat,Properti & Real Estat,Pengelola & Pengembang Real Estat,Pengembang & Operator Real Estat,Pengembangan
ASPR,PT Asia Pramulia Tbk,Barang Baku,Barang Baku,Wadah & Kemasan,Wadah & Kemasan,Pengembangan
ASRI,ALAM SUTERA REALTY Tbk,Properti & Real Estat,Properti & Real Estat,Pengelola & Pengembang Real Estat,Pengembang & Operator Real Estat,Utama
ASRM,Asuransi Ramayana Tbk,Keuangan,Asuransi,Asuransi,Asuransi Umum,Pengembangan
ASSA,Adi Sarana Armada Tbk,Transportasi & Logistik,Transportasi,Pengangkutan Darat Penumpang,Transportasi Jalanan,Utama
ATAP,PT Trimitra Prawara Goldland Tbk,Properti & Real Estat,Properti & Real Estat,Pengelola & Pengembang Real Estat,Pengembang & Operator Real Estat,Pengembangan
ATIC,PT Anabatic Technologies Tbk,Teknologi,Perangkat Lunak & Jasa TI,Jasa & Konsultan TI,Jasa & Konsultan TI,Pengembangan
ATLA,PT Atlantis Subsea Indonesia Tbk,Energi,"Minyak, Gas & Batu Bara","Pendukung Minyak, Gas & Batu Bara","Jasa & Perlengkapan Minyak, Gas & Batu Bara",Pengembangan
AUTO,Astra Otoparts Tbk,Barang Konsumen Non-Primer,Otomotif & Komponen Otomotif,Komponen Otomotif,Suku Cadang Otomotif,Utama
AVIA,PT Avia Avian Tbk,Barang Baku,Barang Baku,Barang Kimia,Barang Kimia Khusus,Utama
AWAN,PT Era Digital Media Tbk,Teknologi,Perangkat Lunak & Jasa TI,Aplikasi & Jasa Internet,Aplikasi & Jasa Internet,Pengembangan
AXIO,PT Tera Data Indonusa Tbk,Teknologi,Perangkat Keras & Peralatan Teknologi,Perangkat Komputer,Perangkat Komputer,Pengembangan
AYAM,PT Janu Putra Sejahtera Tbk.,Barang Konsumen Primer,Makanan & Minuman,Produk Makanan Pertanian,"Ikan, Daging & Produk Unggas",Pengembangan
AYLS,PT Arkayana Lestari Grup Tbk,Barang Baku,Barang Baku,Material Konstruksi,Material Konstruksi,Pengembangan
BABP,PT Bank MNC Internasional Tbk.,Keuangan,Bank,Bank,Bank,Pengembangan
BABY,PT Multitrend Indo Tbk.,Barang Konsumen Non-Primer,Perdagangan Ritel,Ritel Khusus,Ritel Pakaian & Tekstil,Pengembangan
BACA,PT Bank Capital Indonesia Tbk,Keuangan,Bank,Bank,Bank,Utama
BACH,PT Bach Multi Global Tbk,Perindustrian,Jasa Perindustrian,Perdagangan Aneka Barang Perindustrian,Perdagangan Aneka Barang Perindustrian,Utama
BAIK,PT Bersama Mencapai Puncak Tbk.,Barang Konsumen Non-Primer,Jasa Konsumen,Pariwisata & Rekreasi,Rumah Makan,Pengembangan
BAJA,Saranacentral Bajatama Tbk,Barang Baku,Barang Baku,Logam & Mineral,Baja & Besi,Pengembangan
BALI,PT Bali Towerindo Sentra Tbk.,Infrastruktur,Telekomunikasi,Jasa Telekomunikasi Nirkabel,Jasa Telekomunikasi Nirkabel,Utama
BANK,PT Bank Aladin Syariah Tbk,Keuangan,Bank,Bank,Bank,Pengembangan
BAPA,Bekasi Asri Pemula Tbk,Properti & Real Estat,Properti & Real Estat,Pengelola & Pengembang Real Estat,Pengembang & Operator Real Estat,Pengembangan
BAPI,PT Bhakti Agung Propertindo Tbk.,Properti & Real Estat,Properti & Real Estat,Pengelola & Pengembang Real Estat,Pengembang & Operator Real Estat,Pemantauan Khusus
BATA,Sepatu Bata Tbk,Barang Konsumen Non-Primer,Pakaian & Barang Mewah,Pakaian & Barang Mewah,Alas Kaki,Pemantauan Khusus
BATR,PT Benteng Api Technic Tbk,Barang Baku,Barang Baku,Material Konstruksi,Material Konstruksi,Pengembangan
BAUT,PT Mitra Angkasa Sejahtera Tbk,Barang Konsumen Non-Primer,Perdagangan Ritel,Ritel Khusus,Ritel Barang Rumah Tangga,Pemantauan Khusus
BAYU,Bayu Buana Tbk,Barang Konsumen Non-Primer,Jasa Konsumen,Pariwisata & Rekreasi,Agen Perjalanan,Utama
BBCA,PT Bank Central Asia Tbk.,Keuangan,Bank,Bank,Bank,Utama
BBHI,PT Allo Bank Indonesia Tbk,Keuangan,Bank,Bank,Bank,Utama
BBKP,PT Bank KB Indonesia Tbk,Keuangan,Bank,Bank,Bank,Pengembangan
BBLD,Buana Finance Tbk,Keuangan,Jasa Pembiayaan,Pembiayaan Konsumen,Pembiayaan Konsumen,Pengembangan
BBMD,PT Bank Mestika Dharma Tbk.,Keuangan,Bank,Bank,Bank,Utama
BBNI,PT Bank Negara Indonesia (Persero) Tbk,Keuangan,Bank,Bank,Bank,Utama
BBRI,PT Bank Rakyat Indonesia (Persero) Tbk,Keuangan,Bank,Bank,Bank,Utama
BBRM,Pelayaran Nasional Bina Buana Raya Tbk,Energi,"Minyak, Gas & Batu Bara",Batu Bara,Distribusi Batu Bara,Pengembangan
BBSI,PT Krom Bank Indonesia Tbk,Keuangan,Bank,Bank,Bank,Utama
BBSS,PT Bumi Benowo Sukses Sejahtera Tbk,Properti & Real Estat,Properti & Real Estat,Pengelola & Pengembang Real Estat,Pengembang & Operator Real Estat,Pengembangan
BBTN,PT Bank Tabungan Negara (Persero) Tbk,Keuangan,Bank,Bank,Bank,Utama
BBYB,PT Bank Neo Commerce Tbk.,Keuangan,Bank,Bank,Bank,Utama
BCAP,MNC Kapital Indonesia Tbk,Keuangan,Perusahaan Holding & Investasi,Perusahaan Holding & Investasi,Perusahaan Holding Keuangan,Utama
BCIC,PT Bank JTrust Indonesia Tbk.,Keuangan,Bank,Bank,Bank,Pengembangan
BCIP,Bumi Citra Permai Tbk,Properti & Real Estat,Properti & Real Estat,Pengelola & Pengembang Real Estat,Pengembang & Operator Real Estat,Pengembangan
BDKR,PT Berdikari Pondasi Perkasa Tbk.,Infrastruktur,Konstruksi Bangunan,Konstruksi Bangunan,Konstruksi Bangunan,Utama
BDMN,PT Bank Danamon Indonesia Tbk,Keuangan,Bank,Bank,Bank,Utama
BEBS,PT Berkah Beton Sadaya Tbk,Barang Baku,Barang Baku,Material Konstruksi,Material Konstruksi,Pemantauan Khusus
BEEF,PT Estika Tata Tiara Tbk.,Barang Konsumen Primer,Makanan & Minuman,Makanan Olahan,Makanan Olahan,Pengembangan
BEER,PT Jobubu Jarum Minahasa Tbk,Barang Konsumen Primer,Makanan & Minuman,Minuman,Minuman Keras,Pengembangan
BEKS,PT Bank Pembangunan Daerah Banten Tbk.,Keuangan,Bank,Bank,Bank,Pemantauan Khusus
BELI,PT Global Digital Niaga Tbk,Teknologi,Perangkat Lunak & Jasa TI,Aplikasi & Jasa Internet,Aplikasi & Jasa Internet,Pengembangan
BELL,PT Trisula Textile Industries Tbk,Barang Konsumen Non-Primer,Pakaian & Barang Mewah,Pakaian & Barang Mewah,Tekstil,Pengembangan
BESS,PT Batulicin Nusantara Maritim Tbk.,Energi,"Minyak, Gas & Batu Bara",Batu Bara,Distribusi Batu Bara,Pengembangan
BEST,Bekasi Fajar Industrial Estate Tbk,Properti & Real Estat,Properti & Real Estat,Pengelola & Pengembang Real Estat,Pengembang & Operator Real Estat,Utama
BFIN,BFI Finance Indonesia Tbk,Keuangan,Jasa Pembiayaan,Pembiayaan Konsumen,Pembiayaan Konsumen,Utama
BGTG,PT Bank Ganesha Tbk.,Keuangan,Bank,Bank,Bank,Utama
BHAT,PT Bhakti Multi Artha Tbk.,Keuangan,Asuransi,Asuransi,Asuransi Jiwa,Pengembangan
BHIT,PT MNC Asia Holding Tbk,Perindustrian,Perusahaan Holding Multi Sektor,Perusahaan Holding Multi-sektor,Perusahaan Holding Multi-sektor,Pemantauan Khusus
BIKA,PT Binakarya Jaya Abadi Tbk.,Properti & Real Estat,Properti & Real Estat,Pengelola & Pengembang Real Estat,Pengembang & Operator Real Estat,Pemantauan Khusus
BIKE,PT Bhineka Inovasi Ketahanan Energi Tbk,Barang Konsumen Non-Primer,Barang Rekreasi,Peralatan Olah Raga & Barang Hobi,Peralatan Olah Raga & Barang Hobi,Pengembangan
BIMA,Primarindo Asia Infrastructure Tbk,Barang Konsumen Non-Primer,Pakaian & Barang Mewah,Pakaian & Barang Mewah,Alas Kaki,Pemantauan Khusus
BINA,PT Bank Ina Perdana Tbk.,Keuangan,Bank,Bank,Bank,Utama
BINO,PT Perma Plasindo Tbk,Perindustrian,Jasa Perindustrian,Jasa Komersial,Peralatan Kantor,Pengembangan
BIPI,PT Astrindo Nusantara Infrastruktur Tbk.,Energi,"Minyak, Gas & Batu Bara",Batu Bara,Distribusi Batu Bara,Pengembangan
BIPP,Bhuwanatala Indah Permai Tbk,Properti & Real Estat,Properti & Real Estat,Pengelola & Pengembang Real Estat,Pengembang & Operator Real Estat,Pengembangan
BIRD,PT Blue Bird Tbk,Transportasi & Logistik,Transportasi,Pengangkutan Darat Penumpang,Transportasi Jalanan,Utama
BISI,BISI INTERNATIONAL Tbk,Barang Konsumen Primer,Makanan & Minuman,Produk Makanan Pertanian,Perkebunan & Tanaman Pangan,Utama
BJBR,Bank Pembangunan Daerah Jawa Barat dan Banten Tbk,Keuangan,Bank,Bank,Bank,Utama
BJTM,Bank Pembangunan Daerah Jawa Timur Tbk,Keuangan,Bank,Bank,Bank,Utama
BKDP,Bukit Darmo Property Tbk,Properti & Real Estat,Properti & Real Estat,Pengelola & Pengembang Real Estat,Pengembang & Operator Real Estat,Pengembangan
BKSL,Sentul City Tbk,Properti & Real Estat,Properti & Real Estat,Pengelola & Pengembang Real Estat,Pengembang & Operator Real Estat,Utama
BKSW,PT Bank QNB Indonesia Tbk,Keuangan,Bank,Bank,Bank,Pengembangan
BLES,PT Superior Prima Sukses Tbk,Barang Baku,Barang Baku,Material Konstruksi,Material Konstruksi,Pengembangan
BLOG,PT Trimitra Trans Persada Tbk,Transportasi & Logistik,Logistik & Pengantaran,Logistik & Pengantaran,Logistik & Pengantaran,Utama
BLTA,Berlian Laju Tanker Tbk,Transportasi & Logistik,Logistik & Pengantaran,Logistik & Pengantaran,Logistik & Pengantaran,Pemantauan Khusus
BLTZ,PT Graha Layar Prima Tbk.,Barang Konsumen Non-Primer,Jasa Konsumen,Pariwisata & Rekreasi,Fasilitas Rekreasi & Olah Raga,Pemantauan Khusus
BLUE,PT Berkah Prima Perkasa Tbk,Perindustrian,Jasa Perindustrian,Jasa Komersial,Peralatan Kantor,Pengembangan
BMAS,PT Bank Kasikorn Indonesia Tbk,Keuangan,Bank,Bank,Bank,Pengembangan
BMBL,PT Lavender Bina Cendikia Tbk,Barang Konsumen Non-Primer,Jasa Konsumen,Pendidikan & Jasa Penunjang,Jasa Pendidikan,Akselerasi
BMHS,PT Bundamedik Tbk,Kesehatan,Jasa & Peralatan Kesehatan,Penyedia Jasa Kesehatan,Penyedia Jasa Kesehatan,Utama
BMRI,PT Bank Mandiri (Persero) Tbk,Keuangan,Bank,Bank,Bank,Utama
BMSR,Bintang Mitra Semestaraya Tbk,Barang Baku,Barang Baku,Barang Kimia,Barang Kimia Dasar,Pengembangan
BMTR,PT Global Mediacom Tbk,Barang Konsumen Non-Primer,Media & Hiburan,Media,Periklanan,Utama
BNBA,Bank Bumi Arta Tbk,Keuangan,Bank,Bank,Bank,Pengembangan
BNBR,Bakrie & Brothers Tbk,Perindustrian,Perusahaan Holding Multi Sektor,Perusahaan Holding Multi-sektor,Perusahaan Holding Multi-sektor,Pengembangan
BNGA,PT Bank CIMB Niaga Tbk,Keuangan,Bank,Bank,Bank,Utama
BNII,PT Bank Maybank Indonesia Tbk,Keuangan,Bank,Bank,Bank,Utama
BNLI,Bank Permata Tbk,Keuangan,Bank,Bank,Bank,Utama
BOAT,PT Newport Marine Services Tbk,Energi,"Minyak, Gas & Batu Bara","Pendukung Minyak, Gas & Batu Bara","Jasa & Perlengkapan Minyak, Gas & Batu Bara",Pengembangan
BOBA,PT Formosa Ingredient Factory Tbk,Barang Konsumen Primer,Makanan & Minuman,Makanan Olahan,Makanan Olahan,Pengembangan
BOGA,PT Apollo Global Interactive Tbk,Barang Konsumen Non-Primer,Perdagangan Ritel,Ritel Khusus,Ritel Otomotif,Pengembangan
BOLA,PT Bali Bintang Sejahtera Tbk.,Barang Konsumen Non-Primer,Jasa Konsumen,Pariwisata & Rekreasi,Fasilitas Rekreasi & Olah Raga,Utama
BOLT,PT Garuda Metalindo Tbk.,Barang Konsumen Non-Primer,Otomotif & Komponen Otomotif,Komponen Otomotif,Suku Cadang Otomotif,Pengembangan
BOSS,PT Borneo Olah Sarana Sukses Tbk.,Energi,"Minyak, Gas & Batu Bara",Batu Bara,Produksi Batu Bara,Pemantauan Khusus
BPFI,PT Woori Finance Indonesia Tbk,Keuangan,Jasa Pembiayaan,Pembiayaan Konsumen,Pembiayaan Konsumen,Pengembangan
BPII,PT Batavia Prosperindo Internasional Tbk.,Keuangan,Perusahaan Holding & Investasi,Perusahaan Holding & Investasi,Perusahaan Holding Keuangan,Pengembangan
BPTR,PT Batavia Prosperindo Trans Tbk.,Transportasi & Logistik,Transportasi,Pengangkutan Darat Penumpang,Transportasi Jalanan,Pengembangan
BRAM,Indo Kordsa Tbk,Barang Konsumen Non-Primer,Otomotif & Komponen Otomotif,Komponen Otomotif,Ban,Pengembangan
BREN,PT Barito Renewables Energy Tbk.,Infrastruktur,Utilitas,Utilitas Listrik,Utilitas Listrik,Utama
BRIS,PT Bank Syariah Indonesia (Persero) Tbk,Keuangan,Bank,Bank,Bank,Utama
BRMS,Bumi Resources Minerals Tbk,Barang Baku,Barang Baku,Logam & Mineral,Logam & Mineral Lainnya,Utama
BRNA,Berlina Tbk,Barang Baku,Barang Baku,Wadah & Kemasan,Wadah & Kemasan,Pengembangan
BRPT,Barito Pacific Tbk,Barang Baku,Barang Baku,Barang Kimia,Barang Kimia Dasar,Utama
BRRC,PT Raja Roti Cemerlang Tbk,Barang Konsumen Primer,Makanan & Minuman,Makanan Olahan,Makanan Olahan,Pengembangan
BSBK,PT Wulandari Bangun Laksana Tbk,Properti & Real Estat,Properti & Real Estat,Pengelola & Pengembang Real Estat,Pengembang & Operator Real Estat,Pengembangan
BSDE,PT Bumi Serpong Damai Tbk,Properti & Real Estat,Properti & Real Estat,Pengelola & Pengembang Real Estat,Pengembang & Operator Real Estat,Utama
BSIM,Bank Sinarmas Tbk,Keuangan,Bank,Bank,Bank,Utama
BSML,PT Bintang Samudera Mandiri Lines Tbk,Energi,"Minyak, Gas & Batu Bara",Batu Bara,Distribusi Batu Bara,Pengembangan
BSSR,Baramulti Suksessarana Tbk,Energi,"Minyak, Gas & Batu Bara",Batu Bara,Produksi Batu Bara,Utama
BSWD,Bank of India Indonesia Tbk,Keuangan,Bank,Bank,Bank,Pemantauan Khusus
BTEK,Bumi Teknokultura Unggul Tbk,Barang Konsumen Primer,Makanan & Minuman,Produk Makanan Pertanian,Perkebunan & Tanaman Pangan,Pemantauan Khusus
BTEL,Bakrie Telecom Tbk,Infrastruktur,Telekomunikasi,Jasa Telekomunikasi Nirkabel,Jasa Telekomunikasi Nirkabel,Pemantauan Khusus
BTON,Betonjaya Manunggal Tbk,Barang Baku,Barang Baku,Logam & Mineral,Baja & Besi,Pengembangan
BTPN,PT Bank SMBC Indonesia Tbk,Keuangan,Bank,Bank,Bank,Utama
BTPS,PT Bank BTPN Syariah Tbk.,Keuangan,Bank,Bank,Bank,Utama
BUAH,PT Segar Kumala Indonesia Tbk,Barang Konsumen Primer,Perdagangan Ritel Barang Primer,Perdagangan Ritel Barang Primer,Ritel & Distributor Makanan,Pengembangan
BUDI,PT Budi Starch & Sweetener Tbk.,Barang Konsumen Primer,Makanan & Minuman,Makanan Olahan,Makanan Olahan,Utama
BUKA,PT Bukalapak.com Tbk,Teknologi,Perangkat Lunak & Jasa TI,Aplikasi & Jasa Internet,Aplikasi & Jasa Internet,Ekonomi Baru
BUKK,Bukaka Teknik Utama Tbk,Infrastruktur,Konstruksi Bangunan,Konstruksi Bangunan,Konstruksi Bangunan,Pengembangan
BULL,PT Buana Lintas Lautan Tbk.,Energi,"Minyak, Gas & Batu Bara",Minyak & Gas,Penyimpanan & Distribusi Minyak & Gas,Pengembangan
BUMI,Bumi Resources Tbk,Energi,"Minyak, Gas & Batu Bara",Batu Bara,Produksi Batu Bara,Utama
BUVA,PT Bukit Uluwatu Villa Tbk,Barang Konsumen Non-Primer,Jasa Konsumen,Pariwisata & Rekreasi,"Hotel, Resor & Kapal Pesiar",Pengembangan
BVIC,Bank Victoria International Tbk,Keuangan,Bank,Bank,Bank,Utama
BWPT,Eagle High Plantations Tbk,Barang Konsumen Primer,Makanan & Minuman,Produk Makanan Pertanian,Perkebunan & Tanaman Pangan,Utama
BYAN,Bayan Resources Tbk,Energi,"Minyak, Gas & Batu Bara",Batu Bara,Produksi Batu Bara,Utama
CAKK,PT Cahayaputra Asa Keramik Tbk.,Perindustrian,Barang Perindustrian,Produk & Perlengkapan Bangunan,Produk & Perlengkapan Bangunan,Pengembangan
CAMP,PT Campina Ice Cream Industry Tbk.,Barang Konsumen Primer,Makanan & Minuman,Makanan Olahan,Produk Susu Olahan,Pengembangan
CANI,PT Capitol Nusantara Indonesia Tbk.,Energi,"Minyak, Gas & Batu Bara",Batu Bara,Distribusi Batu Bara,Pemantauan Khusus
CARE,PT Metro Healthcare Indonesia Tbk,Kesehatan,Jasa & Peralatan Kesehatan,Penyedia Jasa Kesehatan,Penyedia Jasa Kesehatan,Pengembangan
CARS,PT Industri dan Perdagangan Bintraco Dharma Tbk,Barang Konsumen Non-Primer,Perdagangan Ritel,Ritel Khusus,Ritel Otomotif,Utama
CASA,PT Capital Financial Indonesia Tbk,Keuangan,Perusahaan Holding & Investasi,Perusahaan Holding & Investasi,Perusahaan Holding Keuangan,Pengembangan
CASH,PT Cashlez Worldwide Indonesia Tbk.,Teknologi,Perangkat Lunak & Jasa TI,Aplikasi & Jasa Internet,Aplikasi & Jasa Internet,Akselerasi
CASS,Cahaya Aero Services Tbk,Infrastruktur,Infrastruktur Transportasi,Operator Infrastruktur Transportasi,Operator Bandar Udara,Utama
CBDK,PT Bangun Kosambi Sukses Tbk,Properti & Real Estat,Properti & Real Estat,Pengelola & Pengembang Real Estat,Pengembang & Operator Real Estat,Utama
CBMF,PT Cahaya Bintang Medan Tbk,Barang Konsumen Non-Primer,Barang Rumah Tangga,Barang Rumah Tangga,Produsen Furnitur Rumah,Pemantauan Khusus
CBPE,PT Citra Buana Prasida Tbk,Properti & Real Estat,Properti & Real Estat,Pengelola & Pengembang Real Estat,Pengembang & Operator Real Estat,Pengembangan
CBRE,PT Cakra Buana Resources Energi Tbk,Energi,"Minyak, Gas & Batu Bara",Batu Bara,Distribusi Batu Bara,Pengembangan
CBUT,PT Citra Borneo Utama Tbk,Barang Konsumen Primer,Makanan & Minuman,Produk Makanan Pertanian,Perkebunan & Tanaman Pangan,Utama
CCSI,PT Communication Cable Systems Indonesia Tbk.,Perindustrian,Barang Perindustrian,Kelistrikan,Komponen & Peralatan Kelistrikan,Pengembangan
CDIA,PT Chandra Daya Investasi Tbk,Infrastruktur,Utilitas,Utilitas Listrik,Utilitas Listrik,Pengembangan
CEKA,PT Wilmar Cahaya Indonesia Tbk.,Barang Konsumen Primer,Makanan & Minuman,Makanan Olahan,Makanan Olahan,Pengembangan
CENT,PT Centratama Telekomunikasi Indonesia Tbk.,Infrastruktur,Telekomunikasi,Jasa Telekomunikasi Nirkabel,Jasa Telekomunikasi Nirkabel,Pengembangan
CFIN,Clipan Finance Indonesia Tbk,Keuangan,Jasa Pembiayaan,Pembiayaan Konsumen,Pembiayaan Konsumen,Utama
CGAS,PT Citra Nusantara Gemilang Tbk.,Energi,"Minyak, Gas & Batu Bara",Minyak & Gas,Penyimpanan & Distribusi Minyak & Gas,Pengembangan
CHEK,PT Diastika Biotekindo Tbk,Kesehatan,Jasa & Peralatan Kesehatan,Peralatan & Perlengkapan Kesehatan,Penyedia & Distribusi Perlengkapan Kesehatan,Pengembangan
CHEM,PT Chemstar Indonesia Tbk,Barang Baku,Barang Baku,Barang Kimia,Barang Kimia Dasar,Pengembangan
CHIP,PT Pelita Teknologi Global Tbk,Teknologi,Perangkat Keras & Peralatan Teknologi,"Perangkat, Instrumen & Komponen Elektronik",Perangkat & Instrumen Elektronik,Akselerasi
CINT,PT Chitose Internasional Tbk,Barang Konsumen Non-Primer,Barang Rumah Tangga,Barang Rumah Tangga,Produsen Furnitur Rumah,Pengembangan
CITA,Cita Mineral Investindo Tbk,Barang Baku,Barang Baku,Logam & Mineral,Alumunium,Utama
CITY,PT Natura City Developments Tbk.,Properti & Real Estat,Properti & Real Estat,Pengelola & Pengembang Real Estat,Pengembang & Operator Real Estat,Pengembangan
CLAY,PT Citra Putra Realty Tbk,Barang Konsumen Non-Primer,Jasa Konsumen,Pariwisata & Rekreasi,"Hotel, Resor & Kapal Pesiar",Pengembangan
CLEO,PT Sariguna Primatirta Tbk,Barang Konsumen Primer,Makanan & Minuman,Minuman,Minuman Ringan,Utama
CLPI,Colorpak Indonesia Tbk,Barang Baku,Barang Baku,Barang Kimia,Barang Kimia Khusus,Pengembangan
CMNP,Citra Marga Nusaphala Persada Tbk,Infrastruktur,Infrastruktur Transportasi,Operator Infrastruktur Transportasi,Operator Jalan Tol & Rel,Utama
CMNT,PT Cemindo Gemilang Tbk,Barang Baku,Barang Baku,Material Konstruksi,Material Konstruksi,Pengembangan
CMPP,PT AirAsia Indonesia Tbk,Transportasi & Logistik,Transportasi,Maskapai Penerbangan,Maskapai Penerbangan,Pemantauan Khusus
CMRY,PT Cisarua Mountain Dairy Tbk,Barang Konsumen Primer,Makanan & Minuman,Makanan Olahan,Produk Susu Olahan,Utama
CNKO,Exploitasi Energi Indonesia Tbk,Energi,"Minyak, Gas & Batu Bara",Batu Bara,Distribusi Batu Bara,Pemantauan Khusus
CNMA,PT Nusantara Sejahtera Raya Tbk,Barang Konsumen Non-Primer,Jasa Konsumen,Pariwisata & Rekreasi,Fasilitas Rekreasi & Olah Raga,Pengembangan
COAL,PT Black Diamond Resources Tbk,Energi,"Minyak, Gas & Batu Bara",Batu Bara,Produksi Batu Bara,Pengembangan
COCO,PT Wahana Interfood Nusantara Tbk.,Barang Konsumen Primer,Makanan & Minuman,Makanan Olahan,Makanan Olahan,Pengembangan
COIN,PT Indokripto Koin Semesta Tbk,Keuangan,Perusahaan Holding & Investasi,Perusahaan Holding & Investasi,Perusahaan Holding Keuangan,Pengembangan
COWL,COWELL DEVELOPMENT Tbk,Properti & Real Estat,Properti & Real Estat,Pengelola & Pengembang Real Estat,Pengembang & Operator Real Estat,Pemantauan Khusus
CPIN,Charoen Pokphand Indonesia Tbk,Barang Konsumen Primer,Makanan & Minuman,Produk Makanan Pertanian,"Ikan, Daging & Produk Unggas",Utama
CPRI,PT Capri Nusa Satu Properti Tbk.,Properti & Real Estat,Properti & Real Estat,Pengelola & Pengembang Real Estat,Pengembang & Operator Real Estat,Pemantauan Khusus
CPRO,Central Proteina Prima Tbk,Barang Konsumen Primer,Makanan & Minuman,Produk Makanan Pertanian,"Ikan, Daging & Produk Unggas",Pengembangan
CRAB,PT Toba Surimi Industries Tbk,Barang Konsumen Primer,Makanan & Minuman,Produk Makanan Pertanian,"Ikan, Daging & Produk Unggas",Pengembangan
CRSN,PT Carsurin Tbk,Perindustrian,Jasa Perindustrian,Jasa Profesional,Jasa Penelitian & Konsultasi,Pengembangan
CSAP,Catur Sentosa Adiprana Tbk,Barang Konsumen Non-Primer,Perdagangan Ritel,Ritel Khusus,Ritel Barang Rumah Tangga,Pengembangan
CSIS,PT Cahayasakti Investindo Sukses Tbk,Properti & Real Estat,Properti & Real Estat,Pengelola & Pengembang Real Estat,Pengembang & Operator Real Estat,Pengembangan
CSMI,PT Cipta Selera Murni Tbk.,Barang Konsumen Non-Primer,Jasa Konsumen,Pariwisata & Rekreasi,Rumah Makan,Pengembangan
CSRA,PT Cisadane Sawit Raya Tbk.,Barang Konsumen Primer,Makanan & Minuman,Produk Makanan Pertanian,Perkebunan & Tanaman Pangan,Pengembangan
CTBN,Citra Tubindo Tbk,Barang Baku,Barang Baku,Logam & Mineral,Baja & Besi,Pengembangan
CTRA,Ciputra Development Tbk,Properti & Real Estat,Properti & Real Estat,Pengelola & Pengembang Real Estat,Pengembang & Operator Real Estat,Utama
CTTH,Citatah Tbk,Perindustrian,Barang Perindustrian,Produk & Perlengkapan Bangunan,Produk & Perlengkapan Bangunan,Pengembangan
CUAN,PT Petrindo Jaya Kreasi Tbk,Energi,"Minyak, Gas & Batu Bara",Batu Bara,Produksi Batu Bara,Utama
CYBR,PT ITSEC Asia Tbk.,Teknologi,Perangkat Lunak & Jasa TI,Jasa & Konsultan TI,Jasa & Konsultan TI,Pengembangan
DAAZ,PT Daaz Bara Lestari Tbk,Barang Baku,Barang Baku,Logam & Mineral,Logam & Mineral Lainnya,Utama
DADA,PT Diamond Citra Propertindo Tbk.,Properti & Real Estat,Properti & Real Estat,Pengelola & Pengembang Real Estat,Pengembang & Operator Real Estat,Pengembangan
DART,Duta Anggada Realty Tbk,Properti & Real Estat,Properti & Real Estat,Pengelola & Pengembang Real Estat,Pengembang & Operator Real Estat,Pengembangan
DATA,PT Remala Abadi Tbk,Infrastruktur,Telekomunikasi,Jasa Telekomunikasi,Jasa Telekomunikasi Kabel,Pengembangan
DAYA,PT Duta Intidaya Tbk.,Barang Konsumen Primer,Perdagangan Ritel Barang Primer,Perdagangan Ritel Barang Primer,Ritel & Distributor Obat-obatan,Pengembangan
DCII,PT DCI Indonesia Tbk,Teknologi,Perangkat Lunak & Jasa TI,Jasa & Konsultan TI,Jasa & Konsultan TI,Pengembangan
DEAL,PT Dewata Freightinternational Tbk.,Transportasi & Logistik,Logistik & Pengantaran,Logistik & Pengantaran,Logistik & Pengantaran,Pemantauan Khusus
DEFI,Danasupra Erapacific Tbk,Keuangan,Perusahaan Holding & Investasi,Perusahaan Holding & Investasi,Perusahaan Investasi,Pengembangan
DEPO,PT Caturkarda Depo Bangunan Tbk,Barang Konsumen Non-Primer,Perdagangan Ritel,Ritel Khusus,Ritel Barang Rumah Tangga,Pengembangan
DEWA,Darma Henwa Tbk,Energi,"Minyak, Gas & Batu Bara","Pendukung Minyak, Gas & Batu Bara","Jasa & Perlengkapan Minyak, Gas & Batu Bara",Utama
DEWI,PT Dewi Shri Farmindo Tbk,Barang Konsumen Primer,Makanan & Minuman,Produk Makanan Pertanian,"Ikan, Daging & Produk Unggas",Pengembangan
DFAM,PT Dafam Property Indonesia Tbk,Barang Konsumen Non-Primer,Jasa Konsumen,Pariwisata & Rekreasi,"Hotel, Resor & Kapal Pesiar",Pengembangan
DGIK,Nusa Konstruksi Enjiniring  Tbk,Infrastruktur,Konstruksi Bangunan,Konstruksi Bangunan,Konstruksi Bangunan,Pengembangan
DGNS,PT Diagnos Laboratorium Utama Tbk,Kesehatan,Jasa & Peralatan Kesehatan,Penyedia Jasa Kesehatan,Penyedia Jasa Kesehatan,Pengembangan
DGWG,PT Delta Giri Wacana Tbk,Barang Baku,Barang Baku,Barang Kimia,Barang Kimia Pertanian,Utama
DIGI,PT Arkadia Digital Media Tbk,Barang Konsumen Non-Primer,Media & Hiburan,Media,Penerbitan,Pemantauan Khusus
DILD,Intiland Development Tbk,Properti & Real Estat,Properti & Real Estat,Pengelola & Pengembang Real Estat,Pengembang & Operator Real Estat,Utama
DIVA,PT Distribusi Voucher Nusantara Tbk,Teknologi,Perangkat Lunak & Jasa TI,Aplikasi & Jasa Internet,Aplikasi & Jasa Internet,Pengembangan
DKFT,Central Omega Resources Tbk,Barang Baku,Barang Baku,Logam & Mineral,Logam & Mineral Lainnya,Utama
DKHH,PT Cipta Sarana Medika Tbk,Kesehatan,Jasa & Peralatan Kesehatan,Penyedia Jasa Kesehatan,Penyedia Jasa Kesehatan,Pengembangan
DLTA,Delta Djakarta Tbk,Barang Konsumen Primer,Makanan & Minuman,Minuman,Minuman Keras,Utama
DMAS,PT Puradelta Lestari Tbk.,Properti & Real Estat,Properti & Real Estat,Pengelola & Pengembang Real Estat,Pengembang & Operator Real Estat,Utama
DMMX,PT Digital Mediatama Maxima Tbk,Teknologi,Perangkat Lunak & Jasa TI,Jasa & Konsultan TI,Jasa & Konsultan TI,Pengembangan
DMND,PT Diamond Food Indonesia Tbk.,Barang Konsumen Primer,Perdagangan Ritel Barang Primer,Perdagangan Ritel Barang Primer,Ritel & Distributor Makanan,Utama
DNAR,PT Bank Oke Indonesia Tbk.,Keuangan,Bank,Bank,Bank,Pengembangan
DNET,PT Indoritel Makmur Internasional Tbk.,Keuangan,Perusahaan Holding & Investasi,Perusahaan Holding & Investasi,Perusahaan Investasi,Utama
DOID,PT BUMA Internasional Grup Tbk,Energi,"Minyak, Gas & Batu Bara","Pendukung Minyak, Gas & Batu Bara","Jasa & Perlengkapan Minyak, Gas & Batu Bara",Pengembangan
DOOH,PT Era Media Sejahtera Tbk,Barang Konsumen Non-Primer,Media & Hiburan,Media,Periklanan,Pengembangan
DOSS,PT Global Sukses Digital Tbk,Barang Konsumen Non-Primer,Barang Rekreasi,Barang Elektronik Konsumen,Barang Elektronik Konsumen,Pengembangan
DPNS,Duta Pertiwi Nusantara Tbk,Barang Baku,Barang Baku,Barang Kimia,Barang Kimia Khusus,Pengembangan
DPUM,PT Dua Putra Utama Makmur Tbk.,Barang Konsumen Primer,Makanan & Minuman,Produk Makanan Pertanian,"Ikan, Daging & Produk Unggas",Pengembangan
DRMA,PT Dharma Polimetal Tbk,Barang Konsumen Non-Primer,Otomotif & Komponen Otomotif,Komponen Otomotif,Suku Cadang Otomotif,Utama
DSFI,Dharma Samudera Fishing Ind. Tbk,Barang Konsumen Primer,Makanan & Minuman,Produk Makanan Pertanian,"Ikan, Daging & Produk Unggas",Pengembangan
DSNG,PT Dharma Satya Nusantara Tbk.,Barang Konsumen Primer,Makanan & Minuman,Produk Makanan Pertanian,Perkebunan & Tanaman Pangan,Utama
DSSA,Dian Swastatika Sentosa Tbk,Energi,"Minyak, Gas & Batu Bara",Batu Bara,Produksi Batu Bara,Utama
DUCK,PT Jaya Bersama Indo Tbk.,Barang Konsumen Non-Primer,Jasa Konsumen,Pariwisata & Rekreasi,Rumah Makan,Pemantauan Khusus
DUTI,Duta Pertiwi Tbk,Properti & Real Estat,Properti & Real Estat,Pengelola & Pengembang Real Estat,Pengembang & Operator Real Estat,Pemantauan Khusus
DVLA,Darya-Varia Laboratoria Tbk,Kesehatan,Farmasi & Riset Kesehatan,Farmasi,Farmasi,Pengembangan
DWGL,PT Dwi Guna Laksana Tbk,Energi,"Minyak, Gas & Batu Bara",Batu Bara,Distribusi Batu Bara,Pengembangan
DYAN,PT Dyandra Media International Tbk.,Perindustrian,Jasa Perindustrian,Jasa Komersial,Jasa Pendukung Bisnis,Pengembangan
EAST,PT Eastparc Hotel Tbk,Barang Konsumen Non-Primer,Jasa Konsumen,Pariwisata & Rekreasi,"Hotel, Resor & Kapal Pesiar",Pengembangan
ECII,PT Electronic City Indonesia Tbk.,Barang Konsumen Non-Primer,Perdagangan Ritel,Ritel Khusus,Ritel Elektronik,Pengembangan
EDGE,PT Indointernet Tbk.,Teknologi,Perangkat Lunak & Jasa TI,Aplikasi & Jasa Internet,Jasa & Konsultan TI,Pengembangan
EKAD,Ekadharma International Tbk,Barang Baku,Barang Baku,Barang Kimia,Barang Kimia Khusus,Pengembangan
ELIT,PT Data Sinergitama Jaya Tbk,Teknologi,Perangkat Lunak & Jasa TI,Jasa & Konsultan TI,Jasa & Konsultan TI,Pengembangan
ELPI,PT Pelayaran Nasional Ekalya Purnamasari Tbk,Transportasi & Logistik,Logistik & Pengantaran,Logistik & Pengantaran,Logistik & Pengantaran,Utama
ELSA,Elnusa Tbk,Energi,"Minyak, Gas & Batu Bara","Pendukung Minyak, Gas & Batu Bara",Jasa Pengeboran Minyak & Gas,Utama
ELTY,Bakrieland Development Tbk,Properti & Real Estat,Properti & Real Estat,Pengelola & Pengembang Real Estat,Pengembang & Operator Real Estat,Pemantauan Khusus
EMAS,PT Merdeka Gold Resources Tbk,Barang Baku,Barang Baku,Logam & Mineral,Emas,Pengembangan
EMDE,Megapolitan Developments Tbk,Properti & Real Estat,Properti & Real Estat,Pengelola & Pengembang Real Estat,Pengembang & Operator Real Estat,Pengembangan
EMMI,PT Esa Medika Mandiri Tbk,Kesehatan,Jasa & Peralatan Kesehatan,Peralatan & Perlengkapan Kesehatan,Peralatan Kesehatan,Pengembangan
EMTK,Elang Mahkota Teknologi Tbk,Teknologi,Perangkat Lunak & Jasa TI,Aplikasi & Jasa Internet,Aplikasi & Jasa Internet,Utama
ENAK,PT Champ Resto Indonesia Tbk,Barang Konsumen Non-Primer,Jasa Konsumen,Pariwisata & Rekreasi,Rumah Makan,Pengembangan
ENRG,Energi Mega Persada Tbk,Energi,"Minyak, Gas & Batu Bara",Minyak & Gas,Produksi & Penyulingan Minyak & Gas,Utama
ENVY,PT Envy Technologies Indonesia Tbk,Teknologi,Perangkat Lunak & Jasa TI,Jasa & Konsultan TI,Jasa & Konsultan TI,Pemantauan Khusus
ENZO,PT Morenzo Abadi Perkasa Tbk,Barang Konsumen Primer,Makanan & Minuman,Produk Makanan Pertanian,"Ikan, Daging & Produk Unggas",Pengembangan
EPAC,PT Megalestari Epack Sentosaraya Tbk.,Barang Baku,Barang Baku,Wadah & Kemasan,Wadah & Kemasan,Pengembangan
EPMT,Enseval Putera Megatrading Tbk,Barang Konsumen Primer,Perdagangan Ritel Barang Primer,Perdagangan Ritel Barang Primer,Ritel & Distributor Obat-obatan,Utama
ERAA,Erajaya Swasembada Tbk,Barang Konsumen Non-Primer,Perdagangan Ritel,Ritel Khusus,Ritel Elektronik,Utama
ERAL,PT Sinar Eka Selaras Tbk,Barang Konsumen Non-Primer,Perdagangan Ritel,Ritel Khusus,Ritel Elektronik,Utama
ERTX,Eratex Djaja Tbk,Barang Konsumen Non-Primer,Pakaian & Barang Mewah,Pakaian & Barang Mewah,"Pakaian, Aksesoris, & Tas",Pengembangan
ESIP,PT Sinergi Inti Plastindo Tbk.,Barang Baku,Barang Baku,Wadah & Kemasan,Wadah & Kemasan,Pengembangan
ESSA,ESSA Industries Indonesia Tbk,Barang Baku,Barang Baku,Barang Kimia,Barang Kimia Dasar,Utama
ESTA,PT Esta Multi Usaha Tbk.,Barang Konsumen Non-Primer,Jasa Konsumen,Pariwisata & Rekreasi,"Hotel, Resor & Kapal Pesiar",Pengembangan
ESTI,Ever Shine Textile Industry Tbk,Barang Konsumen Non-Primer,Pakaian & Barang Mewah,Pakaian & Barang Mewah,Tekstil,Pengembangan
ETWA,Eterindo Wahanatama Tbk,Barang Baku,Barang Baku,Barang Kimia,Barang Kimia Dasar,Pemantauan Khusus
EURO,PT Estee Gold Feet Tbk,Barang Konsumen Primer,Produk Rumah Tangga Tidak Tahan Lama,Produk Perawatan Tubuh,Produk Perawatan Tubuh,Akselerasi
EXCL,PT XLSMART Telecom Sejahtera Tbk,Infrastruktur,Telekomunikasi,Jasa Telekomunikasi Nirkabel,Jasa Telekomunikasi Nirkabel,Utama
FAPA,PT FAP Agri Tbk,Barang Konsumen Primer,Makanan & Minuman,Produk Makanan Pertanian,Perkebunan & Tanaman Pangan,Pengembangan
FAST,PT Fast Food Indonesia Tbk,Barang Konsumen Non-Primer,Jasa Konsumen,Pariwisata & Rekreasi,Rumah Makan,Pengembangan
FASW,Fajar Surya Wisesa Tbk,Barang Baku,Barang Baku,Wadah & Kemasan,Wadah & Kemasan,Pemantauan Khusus
FILM,PT MD Entertainment Tbk,Barang Konsumen Non-Primer,Media & Hiburan,Hiburan & Film,Hiburan & Film,Utama
FIMP,PT Fimperkasa Utama Tbk,Infrastruktur,Konstruksi Bangunan,Konstruksi Bangunan,Konstruksi Bangunan,Pemantauan Khusus
FIRE,PT Alfa Energi Investama Tbk.,Energi,"Minyak, Gas & Batu Bara",Batu Bara,Distribusi Batu Bara,Pengembangan
FISH,FKS Multi Agro Tbk,Barang Konsumen Primer,Makanan & Minuman,Produk Makanan Pertanian,Perkebunan & Tanaman Pangan,Utama
FITT,PT Hotel Fitra International Tbk,Barang Konsumen Non-Primer,Jasa Konsumen,Pariwisata & Rekreasi,"Hotel, Resor & Kapal Pesiar",Pengembangan
FLMC,PT Falmaco Nonwoven Industri Tbk,Barang Konsumen Primer,Produk Rumah Tangga Tidak Tahan Lama,Produk Perawatan Tubuh,Produk Perawatan Tubuh,Akselerasi
FMII,Fortune Mate Indonesia Tbk,Properti & Real Estat,Properti & Real Estat,Pengelola & Pengembang Real Estat,Pengembang & Operator Real Estat,Pengembangan
FOLK,PT Multi Garam Utama Tbk.,Perindustrian,Perusahaan Holding Multi Sektor,Perusahaan Holding Multi-sektor,Perusahaan Holding Multi-sektor,Pengembangan
FOOD,PT Sentra Food Indonesia Tbk.,Barang Konsumen Primer,Makanan & Minuman,Makanan Olahan,Makanan Olahan,Pemantauan Khusus
FORE,PT Fore Kopi Indonesia Tbk,Barang Konsumen Primer,Makanan & Minuman,Minuman,Minuman Ringan,Pengembangan
FORU,Fortune Indonesia Tbk,Barang Konsumen Non-Primer,Media & Hiburan,Media,Periklanan,Pengembangan
FPNI,PT Lotte Chemical Titan Tbk.,Barang Baku,Barang Baku,Barang Kimia,Barang Kimia Dasar,Pengembangan
FUJI,PT Fuji Finance Indonesia Tbk.,Keuangan,Jasa Pembiayaan,Pembiayaan Konsumen,Pembiayaan Konsumen,Pengembangan
FUTR,PT Futura Energi Global Tbk,Barang Konsumen Non-Primer,Media & Hiburan,Media,Periklanan,Pengembangan
FWCT,PT Wijaya Cahaya Timber Tbk,Barang Baku,Barang Baku,Perhutanan & Kertas,Kayu,Pengembangan
GAMA,Aksara Global Development Tbk,Properti & Real Estat,Properti & Real Estat,Pengelola & Pengembang Real Estat,Pengembang & Operator Real Estat,Pemantauan Khusus
GDST,Gunawan Dianjaya Steel Tbk,Barang Baku,Barang Baku,Logam & Mineral,Baja & Besi,Pengembangan
GDYR,Goodyear Indonesia Tbk,Barang Konsumen Non-Primer,Otomotif & Komponen Otomotif,Komponen Otomotif,Ban,Pengembangan
GEMA,Gema Grahasarana Tbk,Barang Konsumen Non-Primer,Barang Rumah Tangga,Barang Rumah Tangga,Produsen Furnitur Rumah,Pengembangan
GEMS,Golden Energy Mines Tbk,Energi,"Minyak, Gas & Batu Bara",Batu Bara,Produksi Batu Bara,Utama
GGRM,Gudang Garam Tbk,Barang Konsumen Primer,Rokok,Rokok,Rokok,Utama
GGRP,PT Gunung Raja Paksi Tbk.,Barang Baku,Barang Baku,Logam & Mineral,Baja & Besi,Pengembangan
GHON,PT Gihon Telekomunikasi Indonesia Tbk,Infrastruktur,Telekomunikasi,Jasa Telekomunikasi Nirkabel,Jasa Telekomunikasi Nirkabel,Pengembangan
GIAA,Garuda Indonesia (Persero) Tbk,Transportasi & Logistik,Transportasi,Maskapai Penerbangan,Maskapai Penerbangan,Pengembangan
GJTL,Gajah Tunggal Tbk,Barang Konsumen Non-Primer,Otomotif & Komponen Otomotif,Komponen Otomotif,Ban,Utama
GLOB,PT Globe Kita Terang Tbk,Barang Konsumen Non-Primer,Perdagangan Ritel,Ritel Khusus,Ritel Elektronik,Pemantauan Khusus
GLVA,PT Galva Technologies Tbk,Teknologi,Perangkat Keras & Peralatan Teknologi,"Perangkat, Instrumen & Komponen Elektronik",Perangkat & Instrumen Elektronik,Utama
GMFI,PT Garuda Maintenance Facility Aero Asia Tbk.,Infrastruktur,Infrastruktur Transportasi,Operator Infrastruktur Transportasi,Operator Bandar Udara,Pengembangan
GMTD,Gowa Makassar Tourism Development Tbk,Properti & Real Estat,Properti & Real Estat,Pengelola & Pengembang Real Estat,Pengembang & Operator Real Estat,Pengembangan
GOLD,PT Visi Telekomunikasi Infrastruktur Tbk.,Infrastruktur,Telekomunikasi,Jasa Telekomunikasi Nirkabel,Jasa Telekomunikasi Nirkabel,Pengembangan
GOLF,PT Intra GolfLink Resorts Tbk,Barang Konsumen Non-Primer,Jasa Konsumen,Pariwisata & Rekreasi,Fasilitas Rekreasi & Olah Raga,Utama
GOLL,PT Golden Plantation Tbk,Barang Konsumen Primer,Makanan & Minuman,Produk Makanan Pertanian,Perkebunan & Tanaman Pangan,Pemantauan Khusus
GOOD,PT Garudafood Putra Putri Jaya Tbk.,Barang Konsumen Primer,Makanan & Minuman,Makanan Olahan,Makanan Olahan,Utama
GOTO,PT GoTo Gojek Tokopedia Tbk,Teknologi,Perangkat Lunak & Jasa TI,Aplikasi & Jasa Internet,Aplikasi & Jasa Internet,Pengembangan
GPRA,Perdana Gapura Prima Tbk,Properti & Real Estat,Properti & Real Estat,Pengelola & Pengembang Real Estat,Pengembang & Operator Real Estat,Pengembangan
GPSO,PT Geoprima Solusi Tbk,Perindustrian,Barang Perindustrian,Mesin,Mesin & Komponen Perindustrian,Pengembangan
GRIA,PT Ingria Pratama Capitalindo Tbk,Properti & Real Estat,Properti & Real Estat,Pengelola & Pengembang Real Estat,Pengembang & Operator Real Estat,Pengembangan
GRPH,PT Griptha Putra Persada Tbk.,Barang Konsumen Non-Primer,Jasa Konsumen,Pariwisata & Rekreasi,"Hotel, Resor & Kapal Pesiar",Pengembangan
GRPM,PT Graha Prima Mentari Tbk.,Barang Konsumen Primer,Makanan & Minuman,Minuman,Minuman Ringan,Akselerasi
GSMF,Equity Development Investment Tbk,Keuangan,Perusahaan Holding & Investasi,Perusahaan Holding & Investasi,Perusahaan Holding Keuangan,Pengembangan
GTBO,Garda Tujuh Buana Tbk,Energi,"Minyak, Gas & Batu Bara",Batu Bara,Produksi Batu Bara,Pengembangan
GTRA,PT Grahaprima Suksesmandiri Tbk,Transportasi & Logistik,Logistik & Pengantaran,Logistik & Pengantaran,Logistik & Pengantaran,Pengembangan
GTSI,PT GTS Internasional Tbk,Energi,"Minyak, Gas & Batu Bara",Minyak & Gas,Penyimpanan & Distribusi Minyak & Gas,Pengembangan
GULA,PT Aman Agrindo Tbk,Barang Konsumen Primer,Makanan & Minuman,Makanan Olahan,Makanan Olahan,Pengembangan
GUNA,PT Gunanusa Eramandiri Tbk,Barang Konsumen Primer,Makanan & Minuman,Produk Makanan Pertanian,Perkebunan & Tanaman Pangan,Pengembangan
GWSA,PT Greenwood Sejahtera Tbk,Barang Konsumen Non-Primer,Jasa Konsumen,Pariwisata & Rekreasi,"Hotel, Resor & Kapal Pesiar",Pengembangan
GZCO,Gozco Plantations Tbk,Barang Konsumen Primer,Makanan & Minuman,Produk Makanan Pertanian,Perkebunan & Tanaman Pangan,Utama
HADE,PT Himalaya Energi Perkasa Tbk,Infrastruktur,Utilitas,Utilitas Gas,Utilitas Gas,Pemantauan Khusus
HAIS,PT Hasnur Internasional Shipping Tbk,Transportasi & Logistik,Logistik & Pengantaran,Logistik & Pengantaran,Logistik & Pengantaran,Pengembangan
HAJJ,PT Arsy Buana Travelindo Tbk,Barang Konsumen Non-Primer,Jasa Konsumen,Pariwisata & Rekreasi,Agen Perjalanan,Akselerasi
HALO,PT Haloni Jane Tbk,Kesehatan,Jasa & Peralatan Kesehatan,Peralatan & Perlengkapan Kesehatan,Penyedia & Distribusi Perlengkapan Kesehatan,Pengembangan
HATM,PT Habco Trans Maritima Tbk,Transportasi & Logistik,Logistik & Pengantaran,Logistik & Pengantaran,Logistik & Pengantaran,Utama
HBAT,PT Minahasa Membangun Hebat Tbk,Properti & Real Estat,Properti & Real Estat,Pengelola & Pengembang Real Estat,Pengembang & Operator Real Estat,Akselerasi
HDFA,Radana Bhaskara Finance Tbk,Keuangan,Jasa Pembiayaan,Pembiayaan Konsumen,Pembiayaan Konsumen,Pengembangan
HDIT,PT Hensel Davest Indonesia Tbk,Teknologi,Perangkat Lunak & Jasa TI,Aplikasi & Jasa Internet,Aplikasi & Jasa Internet,Utama
HEAL,PT Medikaloka Hermina Tbk.,Kesehatan,Jasa & Peralatan Kesehatan,Penyedia Jasa Kesehatan,Penyedia Jasa Kesehatan,Utama
HELI,PT Jaya Trishindo Tbk,Transportasi & Logistik,Transportasi,Maskapai Penerbangan,Maskapai Penerbangan,Pengembangan
HERO,PT DFI Retail Nusantara Tbk,Barang Konsumen Primer,Perdagangan Ritel Barang Primer,Perdagangan Ritel Barang Primer,Supermarket,Utama
HEXA,Hexindo Adiperkasa Tbk,Perindustrian,Barang Perindustrian,Mesin,Mesin Konstruksi & Kendaraan Berat,Utama
HGII,PT Hero Global Investment Tbk,Infrastruktur,Utilitas,Utilitas Listrik,Utilitas Listrik,Pengembangan
HILL,PT Hillcon Tbk,Energi,"Minyak, Gas & Batu Bara","Pendukung Minyak, Gas & Batu Bara","Jasa & Perlengkapan Minyak, Gas & Batu Bara",Pemantauan Khusus
HITS,Humpuss Intermoda Transportasi Tbk,Energi,"Minyak, Gas & Batu Bara",Minyak & Gas,Penyimpanan & Distribusi Minyak & Gas,Pemantauan Khusus
HKMU,PT HK Metals Utama Tbk,Barang Baku,Barang Baku,Logam & Mineral,Alumunium,Pemantauan Khusus
HMSP,HM Sampoerna Tbk,Barang Konsumen Primer,Rokok,Rokok,Rokok,Utama
HOKI,PT Buyung Poetra Sembada Tbk.,Barang Konsumen Primer,Makanan & Minuman,Makanan Olahan,Makanan Olahan,Pengembangan
HOME,Hotel Mandarine Regency Tbk,Barang Konsumen Non-Primer,Jasa Konsumen,Pariwisata & Rekreasi,"Hotel, Resor & Kapal Pesiar",Pemantauan Khusus
HOMI,PT Grand House Mulia Tbk,Properti & Real Estat,Properti & Real Estat,Pengelola & Pengembang Real Estat,Pengembang & Operator Real Estat,Pengembangan
HOPE,PT Harapan Duta Pertiwi Tbk.,Perindustrian,Barang Perindustrian,Mesin,Mesin Konstruksi & Kendaraan Berat,Pengembangan
HOTL,Saraswati Griya Lestari Tbk,Barang Konsumen Non-Primer,Jasa Konsumen,Pariwisata & Rekreasi,"Hotel, Resor & Kapal Pesiar",Pemantauan Khusus
HRME,PT Menteng Heritage Realty Tbk.,Barang Konsumen Non-Primer,Jasa Konsumen,Pariwisata & Rekreasi,"Hotel, Resor & Kapal Pesiar",Pemantauan Khusus
HRTA,PT Hartadinata Abadi Tbk,Barang Konsumen Non-Primer,Pakaian & Barang Mewah,Pakaian & Barang Mewah,"Pakaian, Aksesoris, & Tas",Utama
HRUM,Harum Energy Tbk,Energi,"Minyak, Gas & Batu Bara",Batu Bara,Produksi Batu Bara,Utama
HUMI,PT Humpuss Maritim Internasional Tbk,Energi,"Minyak, Gas & Batu Bara",Minyak & Gas,Penyimpanan & Distribusi Minyak & Gas,Pengembangan
HYGN,PT Ecocare Indo Pasifik Tbk.,Perindustrian,Jasa Perindustrian,Jasa Komersial,Jasa Pengelolaan Lingkungan & Sarana,Pengembangan
IATA,PT Karya Pacific Energy Tbk,Energi,"Minyak, Gas & Batu Bara",Batu Bara,Produksi Batu Bara,Pengembangan
IBFN,PT Intan Baru Prana Tbk,Perindustrian,Barang Perindustrian,Mesin,Mesin Konstruksi & Kendaraan Berat,Pemantauan Khusus
IBOS,PT Indo Boga Sukses Tbk,Barang Konsumen Primer,Makanan & Minuman,Makanan Olahan,Makanan Olahan,Akselerasi
IBST,Inti Bangun Sejahtera Tbk,Infrastruktur,Telekomunikasi,Jasa Telekomunikasi Nirkabel,Jasa Telekomunikasi Nirkabel,Pemantauan Khusus
ICBP,Indofood CBP Sukses Makmur Tbk,Barang Konsumen Primer,Makanan & Minuman,Makanan Olahan,Makanan Olahan,Utama
ICON,Island Concepts Indonesia Tbk,Perindustrian,Jasa Perindustrian,Jasa Komersial,Jasa Pendukung Bisnis,Pengembangan
IDEA,PT Idea Indonesia Akademi Tbk,Barang Konsumen Non-Primer,Jasa Konsumen,Pendidikan & Jasa Penunjang,Jasa Pendidikan,Akselerasi
IDPR,PT Indonesia Pondasi Raya Tbk.,Infrastruktur,Konstruksi Bangunan,Konstruksi Bangunan,Konstruksi Bangunan,Pengembangan
IFII,PT Indonesia Fibreboard Industry Tbk,Barang Baku,Barang Baku,Perhutanan & Kertas,Kayu,Pengembangan
IFSH,PT Ifishdeco Tbk.,Barang Baku,Barang Baku,Logam & Mineral,Logam & Mineral Lainnya,Pemantauan Khusus
IGAR,Champion Pacific Indonesia Tbk,Barang Baku,Barang Baku,Wadah & Kemasan,Wadah & Kemasan,Pengembangan
IIKP,Inti Agri Resources Tbk,Barang Konsumen Non-Primer,Barang Rekreasi,Peralatan Olah Raga & Barang Hobi,Peralatan Olah Raga & Barang Hobi,Pemantauan Khusus
IKAI,Intikeramik Alamasri Industri Tbk,Perindustrian,Barang Perindustrian,Produk & Perlengkapan Bangunan,Produk & Perlengkapan Bangunan,Pemantauan Khusus
IKAN,PT Era Mandiri Cemerlang Tbk,Barang Konsumen Primer,Makanan & Minuman,Produk Makanan Pertanian,"Ikan, Daging & Produk Unggas",Pengembangan
IKBI,Sumi Indo Kabel Tbk,Perindustrian,Barang Perindustrian,Kelistrikan,Komponen & Peralatan Kelistrikan,Pengembangan
IKPM,PT Ikapharmindo Putramas Tbk.,Kesehatan,Farmasi & Riset Kesehatan,Farmasi,Farmasi,Pengembangan
IMAS,Indomobil Sukses Internasional Tbk,Barang Konsumen Non-Primer,Perdagangan Ritel,Ritel Khusus,Ritel Otomotif,Utama
IMJS,PT Indomobil Multi Jasa Tbk.,Transportasi & Logistik,Transportasi,Pengangkutan Darat Penumpang,Transportasi Jalanan,Pengembangan
IMPC,PT Impack Pratama Industri Tbk,Perindustrian,Barang Perindustrian,Produk & Perlengkapan Bangunan,Produk & Perlengkapan Bangunan,Utama
INAF,Indofarma Tbk.,Kesehatan,Farmasi & Riset Kesehatan,Farmasi,Farmasi,Pemantauan Khusus
INAI,Indal Aluminium Industry Tbk,Barang Baku,Barang Baku,Logam & Mineral,Alumunium,Pengembangan
INCF,PT Indo Komoditi Korpora Tbk,Barang Baku,Barang Baku,Perhutanan & Kertas,Produk Hutan Lainnya,Pemantauan Khusus
INCI,Intanwijaya Internasional Tbk,Barang Baku,Barang Baku,Barang Kimia,Barang Kimia Dasar,Pengembangan
INCO,Vale Indonesia Tbk,Barang Baku,Barang Baku,Logam & Mineral,Logam & Mineral Lainnya,Utama
INDF,Indofood Sukses Makmur Tbk,Barang Konsumen Primer,Makanan & Minuman,Makanan Olahan,Makanan Olahan,Utama
INDO,PT Royalindo Investa Wijaya Tbk,Properti & Real Estat,Properti & Real Estat,Pengelola & Pengembang Real Estat,Jasa Real Estat,Pengembangan
INDR,PT Indo-Rama Synthetics Tbk,Barang Konsumen Non-Primer,Pakaian & Barang Mewah,Pakaian & Barang Mewah,Tekstil,Pengembangan
INDS,Indospring Tbk,Barang Konsumen Non-Primer,Otomotif & Komponen Otomotif,Komponen Otomotif,Suku Cadang Otomotif,Pengembangan
INDX,Tanah Laut Tbk,Perindustrian,Jasa Perindustrian,Jasa Profesional,Jasa Penelitian & Konsultasi,Pengembangan
INDY,Indika Energy Tbk,Energi,"Minyak, Gas & Batu Bara",Batu Bara,Produksi Batu Bara,Utama
INET,PT Sinergi Inti Andalan Prima Tbk.,Infrastruktur,Telekomunikasi,Jasa Telekomunikasi,Jasa Telekomunikasi Kabel,Pengembangan
INKP,Indah Kiat Pulp & Paper Tbk,Barang Baku,Barang Baku,Perhutanan & Kertas,Kertas,Utama
INOV,PT Inocycle Technology Group Tbk.,Barang Konsumen Non-Primer,Pakaian & Barang Mewah,Pakaian & Barang Mewah,Tekstil,Pengembangan
INPC,Bank Artha Graha Internasional Tbk,Keuangan,Bank,Bank,Bank,Utama
INPP,Indonesian Paradise Property Tbk,Properti & Real Estat,Properti & Real Estat,Pengelola & Pengembang Real Estat,Pengembang & Operator Real Estat,Pengembangan
INPS,PT Indah Prakasa Sentosa Tbk.,Energi,"Minyak, Gas & Batu Bara",Minyak & Gas,Penyimpanan & Distribusi Minyak & Gas,Pemantauan Khusus
INRU,Toba Pulp Lestari Tbk,Barang Baku,Barang Baku,Perhutanan & Kertas,Kertas,Pemantauan Khusus
INTA,Intraco Penta Tbk,Perindustrian,Barang Perindustrian,Mesin,Mesin Konstruksi & Kendaraan Berat,Pemantauan Khusus
INTD,Inter-Delta Tbk,Barang Baku,Barang Baku,Perhutanan & Kertas,Kertas,Pengembangan
INTP,Indocement Tunggal Prakarsa Tbk,Barang Baku,Barang Baku,Material Konstruksi,Material Konstruksi,Utama
IOTF,PT Sumber Sinergi Makmur Tbk,Teknologi,Perangkat Keras & Peralatan Teknologi,"Perangkat, Instrumen & Komponen Elektronik",Perangkat & Instrumen Elektronik,Pengembangan
IPAC,PT Era Graharealty Tbk,Properti & Real Estat,Properti & Real Estat,Pengelola & Pengembang Real Estat,Pengembang & Operator Real Estat,Akselerasi
IPCC,PT Indonesia Kendaraan Terminal Tbk.,Infrastruktur,Infrastruktur Transportasi,Operator Infrastruktur Transportasi,Operator Pelabuhan,Utama
IPCM,PT Jasa Armada Indonesia Tbk.,Infrastruktur,Infrastruktur Transportasi,Operator Infrastruktur Transportasi,Operator Pelabuhan,Utama
IPOL,Indopoly Swakarsa Industry Tbk,Barang Baku,Barang Baku,Wadah & Kemasan,Wadah & Kemasan,Pengembangan
IPPE,PT Indo Pureco Pratama Tbk,Barang Konsumen Primer,Makanan & Minuman,Produk Makanan Pertanian,Perkebunan & Tanaman Pangan,Pemantauan Khusus
IPTV,PT MNC Vision Networks Tbk.,Barang Konsumen Non-Primer,Media & Hiburan,Media,Penyiaran Berbayar,Pemantauan Khusus
IRRA,PT Itama Ranoraya Tbk.,Kesehatan,Jasa & Peralatan Kesehatan,Peralatan & Perlengkapan Kesehatan,Penyedia & Distribusi Perlengkapan Kesehatan,Pengembangan
IRSX,PT Folago Global Nusantara Tbk,Teknologi,Perangkat Lunak & Jasa TI,Perangkat Lunak,Perangkat Lunak,Pengembangan
ISAP,PT Isra Presisi Indonesia Tbk,Barang Konsumen Non-Primer,Otomotif & Komponen Otomotif,Komponen Otomotif,Suku Cadang Otomotif,Akselerasi
ISAT,PT Indosat Tbk,Infrastruktur,Telekomunikasi,Jasa Telekomunikasi Nirkabel,Jasa Telekomunikasi Nirkabel,Utama
ISEA,PT Indo American Seafoods Tbk,Barang Konsumen Primer,Makanan & Minuman,Produk Makanan Pertanian,"Ikan, Daging & Produk Unggas",Pengembangan
ISSP,PT Steel Pipe Industry of Indonesia Tbk,Barang Baku,Barang Baku,Logam & Mineral,Baja & Besi,Utama
ITIC,PT Indonesian Tobacco Tbk.,Barang Konsumen Primer,Rokok,Rokok,Rokok,Pengembangan
ITMA,SUMBER ENERGI ANDALAN Tbk,Energi,"Minyak, Gas & Batu Bara","Pendukung Minyak, Gas & Batu Bara","Jasa & Perlengkapan Minyak, Gas & Batu Bara",Pengembangan
ITMG,Indo Tambangraya Megah Tbk,Energi,"Minyak, Gas & Batu Bara",Batu Bara,Produksi Batu Bara,Utama
JARR,PT Jhonlin Agro Raya Tbk,Barang Konsumen Primer,Makanan & Minuman,Produk Makanan Pertanian,Perkebunan & Tanaman Pangan,Utama
JAST,PT Jasnita Telekomindo Tbk.,Infrastruktur,Telekomunikasi,Jasa Telekomunikasi,Jasa Telekomunikasi Kabel,Pengembangan
JATI,PT Informasi Teknologi Indonesia Tbk.,Teknologi,Perangkat Lunak & Jasa TI,Aplikasi & Jasa Internet,Aplikasi & Jasa Internet,Pengembangan
JAWA,Jaya Agra Wattie Tbk,Barang Konsumen Primer,Makanan & Minuman,Produk Makanan Pertanian,Perkebunan & Tanaman Pangan,Pengembangan
JAYA,PT Armada Berjaya Trans Tbk.,Transportasi & Logistik,Logistik & Pengantaran,Logistik & Pengantaran,Logistik & Pengantaran,Pengembangan
JECC,Jembo Cable Company Tbk,Perindustrian,Barang Perindustrian,Kelistrikan,Komponen & Peralatan Kelistrikan,Pengembangan
JECX,PT Nitrasanata Dharma Tbk,Kesehatan,Jasa & Peralatan Kesehatan,Penyedia Jasa Kesehatan,Penyedia Jasa Kesehatan,Utama
JELI,PT Niramas Utama Tbk,Barang Konsumen Primer,Makanan & Minuman,Makanan Olahan,Makanan Olahan,Pengembangan
JGLE,PT Graha Andrasentra Propertindo Tbk.,Barang Konsumen Non-Primer,Jasa Konsumen,Pariwisata & Rekreasi,"Hotel, Resor & Kapal Pesiar",Pengembangan
JIHD,Jakarta International Hotels & Development Tbk,Barang Konsumen Non-Primer,Jasa Konsumen,Pariwisata & Rekreasi,"Hotel, Resor & Kapal Pesiar",Utama
JKON,Jaya Konstruksi Manggala Pratama Tbk,Infrastruktur,Konstruksi Bangunan,Konstruksi Bangunan,Konstruksi Bangunan,Utama
JMAS,PT Asuransi Jiwa Syariah Jasa Mitra Abadi Tbk,Keuangan,Asuransi,Asuransi,Asuransi Jiwa,Pengembangan
JPFA,JAPFA Comfeed Indonesia Tbk,Barang Konsumen Primer,Makanan & Minuman,Produk Makanan Pertanian,"Ikan, Daging & Produk Unggas",Utama
JRPT,Jaya Real Property Tbk,Properti & Real Estat,Properti & Real Estat,Pengelola & Pengembang Real Estat,Pengembang & Operator Real Estat,Utama
JSKY,PT Sky Energy Indonesia Tbk.,Energi,Energi Alternatif,Peralatan Energi Alternatif,Peralatan Energi Alternatif,Pemantauan Khusus
JSMR,PT Jasa Marga Tbk,Infrastruktur,Infrastruktur Transportasi,Operator Infrastruktur Transportasi,Operator Jalan Tol & Rel,Utama
JSPT,Jakarta Setiabudi Internasional Tbk,Barang Konsumen Non-Primer,Jasa Konsumen,Pariwisata & Rekreasi,"Hotel, Resor & Kapal Pesiar",Utama
JTPE,Jasuindo Tiga Perkasa Tbk,Perindustrian,Jasa Perindustrian,Jasa Komersial,Percetakan Komersial,Utama
KAEF,PT Kimia Farma (Persero) Tbk,Kesehatan,Farmasi & Riset Kesehatan,Farmasi,Farmasi,Pengembangan
KAQI,PT Jantra Grupo Indonesia Tbk,Barang Konsumen Non-Primer,Otomotif & Komponen Otomotif,Komponen Otomotif,Suku Cadang Otomotif,Pengembangan
KARW,Meratus Jasa Prima Tbk,Infrastruktur,Infrastruktur Transportasi,Operator Infrastruktur Transportasi,Operator Pelabuhan,Pemantauan Khusus
KAYU,PT Darmi Bersaudara Tbk.,Barang Baku,Barang Baku,Perhutanan & Kertas,Kayu,Pemantauan Khusus
KBAG,PT Karya Bersama Anugerah Tbk,Properti & Real Estat,Properti & Real Estat,Pengelola & Pengembang Real Estat,Pengembang & Operator Real Estat,Pemantauan Khusus
KBLI,KMI Wire and Cable Tbk,Perindustrian,Barang Perindustrian,Kelistrikan,Komponen & Peralatan Kelistrikan,Utama
KBLM,Kabelindo Murni Tbk,Perindustrian,Barang Perindustrian,Kelistrikan,Komponen & Peralatan Kelistrikan,Pengembangan
KBLV,First Media Tbk,Infrastruktur,Telekomunikasi,Jasa Telekomunikasi,Jasa Telekomunikasi Kabel,Pengembangan
KBRI,Kertas Basuki Rachmat Indonesia Tbk,Barang Baku,Barang Baku,Perhutanan & Kertas,Kertas,Pemantauan Khusus
KDSI,Kedawung Setia Industrial Tbk,Barang Baku,Barang Baku,Wadah & Kemasan,Wadah & Kemasan,Pengembangan
KDTN,PT Puri Sentul Permai Tbk,Barang Konsumen Non-Primer,Jasa Konsumen,Pariwisata & Rekreasi,"Hotel, Resor & Kapal Pesiar",Pengembangan
KEEN,PT Kencana Energi Lestari Tbk.,Infrastruktur,Utilitas,Utilitas Listrik,Utilitas Listrik,Utama
KEJU,PT Mulia Boga Raya Tbk,Barang Konsumen Primer,Makanan & Minuman,Makanan Olahan,Produk Susu Olahan,Utama
KETR,PT Ketrosden Triasmitra Tbk,Infrastruktur,Telekomunikasi,Jasa Telekomunikasi,Jasa Telekomunikasi Kabel,Pengembangan
KIAS,Keramika Indonesia Assosiasi Tbk,Perindustrian,Barang Perindustrian,Produk & Perlengkapan Bangunan,Produk & Perlengkapan Bangunan,Pemantauan Khusus
KICI,Kedaung Indah Can Tbk,Barang Konsumen Non-Primer,Barang Rumah Tangga,Barang Rumah Tangga,Perlengkapan Rumah Tangga,Pengembangan
KIJA,Kawasan Industri Jababeka Tbk,Properti & Real Estat,Properti & Real Estat,Pengelola & Pengembang Real Estat,Pengembang & Operator Real Estat,Utama
KING,PT Hoffmen Cleanindo Tbk,Perindustrian,Jasa Perindustrian,Jasa Profesional,Jasa Personalia,Akselerasi
KINO,PT Kino Indonesia Tbk,Barang Konsumen Primer,Produk Rumah Tangga Tidak Tahan Lama,Produk Perawatan Tubuh,Produk Perawatan Tubuh,Pengembangan
KIOS,PT Kioson Komersial Indonesia Tbk.,Teknologi,Perangkat Lunak & Jasa TI,Aplikasi & Jasa Internet,Aplikasi & Jasa Internet,Pengembangan
KJEN,PT Krida Jaringan Nusantara Tbk.,Transportasi & Logistik,Logistik & Pengantaran,Logistik & Pengantaran,Logistik & Pengantaran,Pengembangan
KKES,PT Kusuma Kemindo Sentosa Tbk,Barang Baku,Barang Baku,Barang Kimia,Barang Kimia Dasar,Pemantauan Khusus
KKGI,Resource Alam Indonesia Tbk,Energi,"Minyak, Gas & Batu Bara",Batu Bara,Produksi Batu Bara,Utama
KLAS,PT Pelayaran Kurnia Lautan Semesta Tbk,Transportasi & Logistik,Logistik & Pengantaran,Logistik & Pengantaran,Logistik & Pengantaran,Pengembangan
KLBF,Kalbe Farma Tbk,Kesehatan,Farmasi & Riset Kesehatan,Farmasi,Farmasi,Utama
KLIN,PT Klinko Karya Imaji Tbk,Barang Konsumen Non-Primer,Perdagangan Ritel,Ritel Khusus,Ritel Barang Rumah Tangga,Akselerasi
KMDS,PT Kurniamitra Duta Sentosa Tbk.,Barang Konsumen Primer,Perdagangan Ritel Barang Primer,Perdagangan Ritel Barang Primer,Ritel & Distributor Makanan,Pengembangan
KMTR,PT Kirana Megatara Tbk.,Barang Baku,Barang Baku,Perhutanan & Kertas,Produk Hutan Lainnya,Pengembangan
KOBX,Kobexindo Tractors Tbk,Perindustrian,Barang Perindustrian,Mesin,Mesin Konstruksi & Kendaraan Berat,Pengembangan
KOCI,PT Kokoh Exa Nusantara,Properti & Real Estat,Properti & Real Estat,Pengelola & Pengembang Real Estat,Pengembang & Operator Real Estat,Pengembangan
KOIN,Kokoh Inti Arebama Tbk,Perindustrian,Barang Perindustrian,Produk & Perlengkapan Bangunan,Produk & Perlengkapan Bangunan,Pemantauan Khusus
KOKA,PT Koka Indonesia Tbk.,Infrastruktur,Konstruksi Bangunan,Konstruksi Bangunan,Konstruksi Bangunan,Pengembangan
KONI,Perdana Bangun Pusaka Tbk,Perindustrian,Jasa Perindustrian,Jasa Komersial,Peralatan Kantor,Pengembangan
KOPI,PT Mitra Energi Persada Tbk,Energi,"Minyak, Gas & Batu Bara",Minyak & Gas,Penyimpanan & Distribusi Minyak & Gas,Pengembangan
KOTA,PT DMS Propertindo Tbk.,Barang Konsumen Non-Primer,Jasa Konsumen,Pariwisata & Rekreasi,"Hotel, Resor & Kapal Pesiar",Utama
KPIG,MNC Tourism Indonesia Tbk,Barang Konsumen Non-Primer,Jasa Konsumen,Pariwisata & Rekreasi,"Hotel, Resor & Kapal Pesiar",Utama
KRAS,Krakatau Steel (Persero) Tbk,Barang Baku,Barang Baku,Logam & Mineral,Baja & Besi,Pengembangan
KREN,PT Quantum Clovera Investama Tbk.,Teknologi,Perangkat Lunak & Jasa TI,Aplikasi & Jasa Internet,Aplikasi & Jasa Internet,Pemantauan Khusus
KRYA,PT Bangun Karya Perkasa Jaya Tbk,Infrastruktur,Konstruksi Bangunan,Konstruksi Bangunan,Konstruksi Bangunan,Pengembangan
KSIX,PT Kentanix Supra International Tbk,Properti & Real Estat,Properti & Real Estat,Pengelola & Pengembang Real Estat,Pengembang & Operator Real Estat,Pengembangan
KUAS,PT Ace Oldfields Tbk,Perindustrian,Barang Perindustrian,Produk & Perlengkapan Bangunan,Produk & Perlengkapan Bangunan,Pengembangan
LABA,PT Green Power Group Tbk,Perindustrian,Barang Perindustrian,Mesin,Mesin & Komponen Perindustrian,Pengembangan
LABS,PT UBC Medical Indonesia Tbk,Kesehatan,Jasa & Peralatan Kesehatan,Peralatan & Perlengkapan Kesehatan,Penyedia & Distribusi Perlengkapan Kesehatan,Pengembangan
LAJU,PT Jasa Berdikari Logistics Tbk,Transportasi & Logistik,Logistik & Pengantaran,Logistik & Pengantaran,Logistik & Pengantaran,Pengembangan
LAND,PT Trimitra Propertindo Tbk.,Properti & Real Estat,Properti & Real Estat,Pengelola & Pengembang Real Estat,Pengembang & Operator Real Estat,Pengembangan
LAPD,Leyand International Tbk,Barang Konsumen Primer,Perdagangan Ritel Barang Primer,Perdagangan Ritel Barang Primer,Supermarket,Pengembangan
LCGP,PT Eureka Prima Jakarta Tbk.,Properti & Real Estat,Properti & Real Estat,Pengelola & Pengembang Real Estat,Pengembang & Operator Real Estat,Pemantauan Khusus
LCKM,PT LCK Global Kedaton Tbk,Infrastruktur,Telekomunikasi,Jasa Telekomunikasi Nirkabel,Jasa Telekomunikasi Nirkabel,Pengembangan
LEAD,PT Logindo Samudramakmur Tbk.,Energi,"Minyak, Gas & Batu Bara",Minyak & Gas,Penyimpanan & Distribusi Minyak & Gas,Pengembangan
LFLO,PT Imago Mulia Persada Tbk,Barang Konsumen Non-Primer,Barang Rumah Tangga,Barang Rumah Tangga,Produsen Furnitur Rumah,Akselerasi
LIFE,PT MSIG Life Insurance Indonesia Tbk.,Keuangan,Asuransi,Asuransi,Asuransi Jiwa,Pengembangan
LINK,PT Link Net Tbk.,Infrastruktur,Telekomunikasi,Jasa Telekomunikasi,Jasa Telekomunikasi Kabel,Pengembangan
LION,Lion Metal Works Tbk,Perindustrian,Jasa Perindustrian,Jasa Komersial,Peralatan Kantor,Pengembangan
LIVE,PT Homeco Victoria Makmur Tbk,Barang Konsumen Non-Primer,Barang Rumah Tangga,Barang Rumah Tangga,Perlengkapan Rumah Tangga,Pengembangan
LMAS,Limas Indonesia Makmur Tbk,Teknologi,Perangkat Lunak & Jasa TI,Jasa & Konsultan TI,Jasa & Konsultan TI,Pemantauan Khusus
LMAX,PT Lupromax Pelumas Indonesia Tbk.,Barang Konsumen Non-Primer,Otomotif & Komponen Otomotif,Komponen Otomotif,Suku Cadang Otomotif,Akselerasi
LMPI,Langgeng Makmur Industri Tbk,Barang Konsumen Non-Primer,Barang Rumah Tangga,Barang Rumah Tangga,Perlengkapan Rumah Tangga,Pengembangan
LMSH,Lionmesh Prima Tbk,Barang Baku,Barang Baku,Logam & Mineral,Baja & Besi,Pemantauan Khusus
LOPI,PT Logisticsplus International Tbk,Transportasi & Logistik,Logistik & Pengantaran,Logistik & Pengantaran,Logistik & Pengantaran,Akselerasi
LPCK,Lippo Cikarang Tbk,Properti & Real Estat,Properti & Real Estat,Pengelola & Pengembang Real Estat,Pengembang & Operator Real Estat,Utama
LPGI,Lippo General Insurance Tbk,Keuangan,Asuransi,Asuransi,Asuransi Umum,Pengembangan
LPIN,Multi Prima Sejahtera Tbk,Barang Konsumen Non-Primer,Otomotif & Komponen Otomotif,Komponen Otomotif,Suku Cadang Otomotif,Pengembangan
LPKR,Lippo Karawaci Tbk,Properti & Real Estat,Properti & Real Estat,Pengelola & Pengembang Real Estat,Pengembang & Operator Real Estat,Utama
LPLI,Star Pacific Tbk,Properti & Real Estat,Properti & Real Estat,Pengelola & Pengembang Real Estat,Pengembang & Operator Real Estat,Pengembangan
LPPF,PT MDS Retailing Tbk,Barang Konsumen Non-Primer,Perdagangan Ritel,Department Store,Department Store,Utama
LPPS,PT Lenox Pasifik Investama Tbk,Keuangan,Perusahaan Holding & Investasi,Perusahaan Holding & Investasi,Perusahaan Investasi,Pengembangan
LRNA,PT Eka Sari Lorena Transport Tbk.,Transportasi & Logistik,Transportasi,Pengangkutan Darat Penumpang,Transportasi Jalanan,Pengembangan
LSIP,PP London Sumatra Indonesia Tbk,Barang Konsumen Primer,Makanan & Minuman,Produk Makanan Pertanian,Perkebunan & Tanaman Pangan,Utama
LTLS,PT Lautan Luas Tbk,Barang Baku,Barang Baku,Barang Kimia,Barang Kimia Dasar,Utama
LUCK,PT Sentral Mitra Informatika Tbk.,Teknologi,Perangkat Keras & Peralatan Teknologi,Perangkat Komputer,Perangkat Komputer,Pengembangan
LUCY,PT Lima Dua Lima Tiga Tbk,Barang Konsumen Non-Primer,Jasa Konsumen,Pariwisata & Rekreasi,Rumah Makan,Akselerasi
MABA,PT Marga Abhinaya Abadi Tbk,Barang Konsumen Non-Primer,Jasa Konsumen,Pariwisata & Rekreasi,"Hotel, Resor & Kapal Pesiar",Pemantauan Khusus
MAGP,Multi Agro Gemilang Plantation Tbk,Barang Konsumen Primer,Makanan & Minuman,Produk Makanan Pertanian,Perkebunan & Tanaman Pangan,Pemantauan Khusus
MAHA,PT Mandiri Herindo Adiperkasa Tbk,Energi,"Minyak, Gas & Batu Bara",Batu Bara,Distribusi Batu Bara,Utama
MAIN,Malindo Feedmill Tbk,Barang Konsumen Primer,Makanan & Minuman,Produk Makanan Pertanian,"Ikan, Daging & Produk Unggas",Utama
MANG,PT Manggung Polahraya Tbk,Infrastruktur,Konstruksi Bangunan,Konstruksi Bangunan,Konstruksi Bangunan,Akselerasi
MAPA,PT Map Aktif Adiperkasa Tbk,Barang Konsumen Non-Primer,Perdagangan Ritel,Ritel Khusus,Ritel Pakaian & Tekstil,Utama
MAPB,PT Map Boga Adiperkasa Tbk,Barang Konsumen Non-Primer,Jasa Konsumen,Pariwisata & Rekreasi,Rumah Makan,Pemantauan Khusus
MAPI,PT Mitra Adiperkasa Tbk,Barang Konsumen Non-Primer,Perdagangan Ritel,Ritel Khusus,Ritel Pakaian & Tekstil,Utama
MARI,PT Mahaka Radio Integra Tbk.,Barang Konsumen Non-Primer,Media & Hiburan,Media,Penyiaran,Pemantauan Khusus
MARK,PT Mark Dynamics Indonesia Tbk.,Perindustrian,Barang Perindustrian,Mesin,Mesin & Komponen Perindustrian,Utama
MASB,PT Bank Multiarta Sentosa Tbk,Keuangan,Bank,Bank,Bank,Utama
MAXI,PT Maxindo Karya Anugerah Tbk,Barang Konsumen Primer,Makanan & Minuman,Makanan Olahan,Makanan Olahan,Pengembangan
MAYA,PT Bank Mayapada Internasional Tbk,Keuangan,Bank,Bank,Bank,Utama
MBAP,PT Mitrabara Adiperdana Tbk,Energi,"Minyak, Gas & Batu Bara",Batu Bara,Produksi Batu Bara,Pengembangan
MBMA,PT Merdeka Battery Materials Tbk,Barang Baku,Barang Baku,Logam & Mineral,Logam & Mineral Lainnya,Utama
MBSS,Mitrabahtera Segara Sejati Tbk,Energi,"Minyak, Gas & Batu Bara",Batu Bara,Distribusi Batu Bara,Utama
MBTO,Martina Berto Tbk,Barang Konsumen Primer,Produk Rumah Tangga Tidak Tahan Lama,Produk Perawatan Tubuh,Produk Perawatan Tubuh,Pengembangan
MCAS,PT M Cash Integrasi Tbk,Teknologi,Perangkat Lunak & Jasa TI,Aplikasi & Jasa Internet,Aplikasi & Jasa Internet,Pengembangan
MCOL,PT Prima Andalan Mandiri Tbk,Energi,"Minyak, Gas & Batu Bara",Batu Bara,Produksi Batu Bara,Utama
MCOR,PT Bank China Construction Bank Indonesia Tbk,Keuangan,Bank,Bank,Bank,Utama
MDIA,PT Intermedia Capital Tbk.,Barang Konsumen Non-Primer,Media & Hiburan,Media,Penyiaran,Pengembangan
MDIY,PT Daya Intiguna Yasa Tbk,Barang Konsumen Non-Primer,Perdagangan Ritel,Ritel Khusus,Ritel Barang Rumah Tangga,Utama
MDKA,PT Merdeka Copper Gold Tbk.,Barang Baku,Barang Baku,Logam & Mineral,Logam & Mineral Lainnya,Utama
MDKI,PT Emdeki Utama Tbk,Barang Baku,Barang Baku,Barang Kimia,Barang Kimia Dasar,Pengembangan
MDLA,PT Medela Potentia Tbk,Kesehatan,Farmasi & Riset Kesehatan,Farmasi,Farmasi,Utama
MDLN,PT Modernland Realty Tbk.,Properti & Real Estat,Properti & Real Estat,Pengelola & Pengembang Real Estat,Pengembang & Operator Real Estat,Pengembangan
MDRN,Modern Internasional Tbk,Perindustrian,Jasa Perindustrian,Jasa Komersial,Peralatan Kantor,Pemantauan Khusus
MEDC,PT Medco Energi Internasional Tbk,Energi,"Minyak, Gas & Batu Bara",Minyak & Gas,Produksi & Penyulingan Minyak & Gas,Utama
MEDS,PT Hetzer Medical Indonesia Tbk,Kesehatan,Jasa & Peralatan Kesehatan,Peralatan & Perlengkapan Kesehatan,Penyedia & Distribusi Perlengkapan Kesehatan,Pengembangan
MEGA,Bank Mega Tbk,Keuangan,Bank,Bank,Bank,Utama
MEJA,PT Harta Djaya Karya Tbk,Barang Konsumen Non-Primer,Barang Rumah Tangga,Barang Rumah Tangga,Produsen Furnitur Rumah,Akselerasi
MENN,PT Menn Teknologi Indonesia Tbk.,Teknologi,Perangkat Keras & Peralatan Teknologi,"Perangkat, Instrumen & Komponen Elektronik",Perangkat & Instrumen Elektronik,Pemantauan Khusus
MERI,PT Merry Riana Edukasi Tbk,Barang Konsumen Non-Primer,Jasa Konsumen,Pendidikan & Jasa Penunjang,Jasa Pendidikan,Pengembangan
MERK,Merck Tbk,Kesehatan,Farmasi & Riset Kesehatan,Farmasi,Farmasi,Utama
META,Nusantara Infrastructure Tbk,Infrastruktur,Infrastruktur Transportasi,Operator Infrastruktur Transportasi,Operator Jalan Tol & Rel,Pengembangan
MFMI,Multifiling Mitra Indonesia Tbk,Perindustrian,Jasa Perindustrian,Jasa Komersial,Jasa Pendukung Bisnis,Pemantauan Khusus
MGLV,PT NexAI Digital Infrastruktur Tbk,Barang Konsumen Non-Primer,Barang Rumah Tangga,Barang Rumah Tangga,Produsen Furnitur Rumah,Akselerasi
MGNA,PT Magna Investama Mandiri Tbk,Barang Konsumen Non-Primer,Jasa Konsumen,Pariwisata & Rekreasi,"Hotel, Resor & Kapal Pesiar",Pengembangan
MGRO,PT Mahkota Group Tbk.,Barang Konsumen Primer,Makanan & Minuman,Produk Makanan Pertanian,Perkebunan & Tanaman Pangan,Pengembangan
MHKI,PT Multi Hanna Kreasindo Tbk,Perindustrian,Jasa Perindustrian,Jasa Komersial,Jasa Pengelolaan Lingkungan & Sarana,Pengembangan
MICE,Multi Indocitra Tbk,Barang Konsumen Non-Primer,Barang Rumah Tangga,Barang Rumah Tangga,Perlengkapan Rumah Tangga,Pengembangan
MIDI,Midi Utama Indonesia Tbk,Barang Konsumen Primer,Perdagangan Ritel Barang Primer,Perdagangan Ritel Barang Primer,Supermarket,Utama
MIKA,PT Mitra Keluarga Karyasehat Tbk.,Kesehatan,Jasa & Peralatan Kesehatan,Penyedia Jasa Kesehatan,Penyedia Jasa Kesehatan,Utama
MINA,PT Sanurhasta Mitra Tbk.,Barang Konsumen Non-Primer,Jasa Konsumen,Pariwisata & Rekreasi,"Hotel, Resor & Kapal Pesiar",Pengembangan
MINE,PT Sinar Terang Mandiri Tbk,Barang Baku,Barang Baku,Logam & Mineral,Logam & Mineral Lainnya,Pengembangan
MIRA,Mitra International Resources Tbk,Transportasi & Logistik,Logistik & Pengantaran,Logistik & Pengantaran,Logistik & Pengantaran,Pemantauan Khusus
MITI,Mitra Investindo Tbk,Transportasi & Logistik,Logistik & Pengantaran,Logistik & Pengantaran,Logistik & Pengantaran,Pengembangan
MKAP,PT Multikarya Asia Pasifik Raya Tbk,Energi,"Minyak, Gas & Batu Bara","Pendukung Minyak, Gas & Batu Bara","Jasa & Perlengkapan Minyak, Gas & Batu Bara",Pengembangan
MKNT,PT Mitra Komunikasi Nusantara Tbk.,Barang Konsumen Non-Primer,Perdagangan Ritel,Distributor Barang Konsumen,Distributor Barang Konsumen,Pemantauan Khusus
MKPI,Metropolitan Kentjana Tbk,Properti & Real Estat,Properti & Real Estat,Pengelola & Pengembang Real Estat,Pengembang & Operator Real Estat,Pengembangan
MKTR,PT Menthobi Karyatama Raya Tbk,Barang Konsumen Primer,Makanan & Minuman,Produk Makanan Pertanian,Perkebunan & Tanaman Pangan,Utama
MLBI,Multi Bintang Indonesia Tbk,Barang Konsumen Primer,Makanan & Minuman,Minuman,Minuman Keras,Utama
MLIA,Mulia Industrindo Tbk,Perindustrian,Barang Perindustrian,Produk & Perlengkapan Bangunan,Produk & Perlengkapan Bangunan,Pemantauan Khusus
MLPL,Multipolar Tbk,Barang Konsumen Primer,Perdagangan Ritel Barang Primer,Perdagangan Ritel Barang Primer,Supermarket,Utama
MLPT,PT Multipolar Technology Tbk.,Teknologi,Perangkat Lunak & Jasa TI,Jasa & Konsultan TI,Jasa & Konsultan TI,Pengembangan
MMIX,PT Multi Medika Internasional Tbk,Kesehatan,Jasa & Peralatan Kesehatan,Peralatan & Perlengkapan Kesehatan,Penyedia & Distribusi Perlengkapan Kesehatan,Pengembangan
MMLP,PT Mega Manunggal Property Tbk.,Properti & Real Estat,Properti & Real Estat,Pengelola & Pengembang Real Estat,Pengembang & Operator Real Estat,Pengembangan
MNCN,Media Nusantara Citra Tbk,Barang Konsumen Non-Primer,Media & Hiburan,Media,Penyiaran,Utama
MOLI,PT Madusari Murni Indah Tbk.,Barang Baku,Barang Baku,Barang Kimia,Barang Kimia Dasar,Pengembangan
MORA,PT Ekamas Mora Republik Tbk,Infrastruktur,Telekomunikasi,Jasa Telekomunikasi,Jasa Telekomunikasi Kabel,Utama
MPIX,PT Mitra Pedagang Indonesia Tbk.,Teknologi,Perangkat Lunak & Jasa TI,Aplikasi & Jasa Internet,Aplikasi & Jasa Internet,Pengembangan
MPMX,PT Mitra Pinasthika Mustika Tbk.,Barang Konsumen Non-Primer,Perdagangan Ritel,Ritel Khusus,Ritel Otomotif,Utama
MPOW,PT Megapower Makmur Tbk.,Infrastruktur,Utilitas,Utilitas Listrik,Utilitas Listrik,Pengembangan
MPPA,Matahari Putra Prima Tbk,Barang Konsumen Primer,Perdagangan Ritel Barang Primer,Perdagangan Ritel Barang Primer,Supermarket,Pemantauan Khusus
MPRO,PT Maha Properti Indonesia Tbk.,Properti & Real Estat,Properti & Real Estat,Pengelola & Pengembang Real Estat,Pengembang & Operator Real Estat,Pengembangan
MPXL,PT MPX Logistics International Tbk,Transportasi & Logistik,Logistik & Pengantaran,Logistik & Pengantaran,Logistik & Pengantaran,Pengembangan
MRAT,Mustika Ratu Tbk,Barang Konsumen Primer,Produk Rumah Tangga Tidak Tahan Lama,Produk Perawatan Tubuh,Produk Perawatan Tubuh,Pengembangan
MREI,Maskapai Reasuransi Indonesia Tbk,Keuangan,Asuransi,Asuransi,Reasuransi,Pengembangan
MSIE,PT Multisarana Intan Eduka Tbk,Properti & Real Estat,Properti & Real Estat,Pengelola & Pengembang Real Estat,Pengembang & Operator Real Estat,Akselerasi
MSIN,PT MNC Digital Entertainment Tbk,Barang Konsumen Non-Primer,Media & Hiburan,Hiburan & Film,Hiburan & Film,Utama
MSJA,PT Multi Spunindo Jaya Tbk.,Barang Konsumen Primer,Produk Rumah Tangga Tidak Tahan Lama,Produk Perawatan Tubuh,Produk Perawatan Tubuh,Pengembangan
MSKY,MNC Sky Vision Tbk,Barang Konsumen Non-Primer,Media & Hiburan,Media,Penyiaran Berbayar,Pengembangan
MSTI,PT Mastersystem Infotama Tbk.,Teknologi,Perangkat Keras & Peralatan Teknologi,Peralatan Jaringan,Peralatan Jaringan,Utama
MTDL,Metrodata Electronics Tbk,Teknologi,Perangkat Keras & Peralatan Teknologi,Perangkat Komputer,Perangkat Komputer,Utama
MTEL,PT Dayamitra Telekomunikasi Tbk,Infrastruktur,Telekomunikasi,Jasa Telekomunikasi Nirkabel,Jasa Telekomunikasi Nirkabel,Utama
MTFN,Capitalinc Investment Tbk,Energi,"Minyak, Gas & Batu Bara",Minyak & Gas,Penyimpanan & Distribusi Minyak & Gas,Pemantauan Khusus
MTLA,Metropolitan Land Tbk,Properti & Real Estat,Properti & Real Estat,Pengelola & Pengembang Real Estat,Pengembang & Operator Real Estat,Utama
MTMH,PT Murni Sadar Tbk,Kesehatan,Jasa & Peralatan Kesehatan,Penyedia Jasa Kesehatan,Penyedia Jasa Kesehatan,Utama
MTPS,PT Meta Epsi Tbk.,Infrastruktur,Konstruksi Bangunan,Konstruksi Bangunan,Konstruksi Bangunan,Pemantauan Khusus
MTRA,PT Mitra Pemuda Tbk.,Infrastruktur,Konstruksi Bangunan,Konstruksi Bangunan,Konstruksi Bangunan,Pemantauan Khusus
MTSM,Metro Realty Tbk,Properti & Real Estat,Properti & Real Estat,Pengelola & Pengembang Real Estat,Pengembang & Operator Real Estat,Pemantauan Khusus
MTWI,PT Malacca Trust Wuwungan Insurance Tbk.,Keuangan,Asuransi,Asuransi,Asuransi Umum,Pengembangan
MUTU,PT Mutuagung Lestari Tbk,Perindustrian,Jasa Perindustrian,Jasa Profesional,Jasa Penelitian & Konsultasi,Pengembangan
MYOH,Samindo Resources Tbk,Energi,"Minyak, Gas & Batu Bara","Pendukung Minyak, Gas & Batu Bara","Jasa & Perlengkapan Minyak, Gas & Batu Bara",Pengembangan
MYOR,Mayora Indah Tbk,Barang Konsumen Primer,Makanan & Minuman,Makanan Olahan,Makanan Olahan,Utama
MYTX,PT Asia Pacific Investama Tbk.,Barang Konsumen Non-Primer,Pakaian & Barang Mewah,Pakaian & Barang Mewah,Tekstil,Pemantauan Khusus
NAIK,PT Adiwarna Anugerah Abadi Tbk,Perindustrian,Jasa Perindustrian,Perdagangan Aneka Barang Perindustrian,Perdagangan Aneka Barang Perindustrian,Pengembangan
NANO,PT Nanotech Indonesia Global Tbk,Barang Konsumen Primer,Produk Rumah Tangga Tidak Tahan Lama,Produk Perawatan Tubuh,Produk Perawatan Tubuh,Akselerasi
NASA,PT Andalan Perkasa Abadi Tbk,Properti & Real Estat,Properti & Real Estat,Pengelola & Pengembang Real Estat,Pengembang & Operator Real Estat,Pemantauan Khusus
NASI,PT Wahana Inti Makmur Tbk,Barang Konsumen Primer,Makanan & Minuman,Makanan Olahan,Makanan Olahan,Pengembangan
NATO,PT Olympus Strategic Indonesia Tbk,Barang Konsumen Non-Primer,Jasa Konsumen,Pariwisata & Rekreasi,"Hotel, Resor & Kapal Pesiar",Pengembangan
NAYZ,PT Hassana Boga Sejahtera Tbk,Barang Konsumen Primer,Makanan & Minuman,Makanan Olahan,Makanan Olahan,Akselerasi
NCKL,PT Trimegah Bangun Persada Tbk.,Barang Baku,Barang Baku,Logam & Mineral,Logam & Mineral Lainnya,Pengembangan
NELY,Pelayaran Nelly Dwi Putri Tbk,Transportasi & Logistik,Logistik & Pengantaran,Logistik & Pengantaran,Logistik & Pengantaran,Pengembangan
NEST,PT Esta Indonesia Tbk,Barang Konsumen Primer,Makanan & Minuman,Produk Makanan Pertanian,"Ikan, Daging & Produk Unggas",Pengembangan
NETV,PT MDTV Media Technologies Tbk,Barang Konsumen Non-Primer,Media & Hiburan,Media,Penyiaran,Pengembangan
NFCX,PT NFC Indonesia Tbk,Teknologi,Perangkat Lunak & Jasa TI,Aplikasi & Jasa Internet,Aplikasi & Jasa Internet,Pengembangan
NICE,PT Adhi Kartiko Pratama Tbk,Barang Baku,Barang Baku,Logam & Mineral,Logam & Mineral Lainnya,Pengembangan
NICK,PT Charnic Capital Tbk.,Keuangan,Perusahaan Holding & Investasi,Perusahaan Holding & Investasi,Perusahaan Investasi,Pengembangan
NICL,PT PAM Mineral Tbk,Barang Baku,Barang Baku,Logam & Mineral,Logam & Mineral Lainnya,Pengembangan
NIKL,Pelat Timah Nusantara Tbk,Barang Baku,Barang Baku,Logam & Mineral,Logam & Mineral Lainnya,Pengembangan
NINE,PT Techno9 Indonesia Tbk,Teknologi,Perangkat Keras & Peralatan Teknologi,Perangkat Komputer,Perangkat Komputer,Akselerasi
NIRO,City Retail Developments Tbk,Properti & Real Estat,Properti & Real Estat,Pengelola & Pengembang Real Estat,Pengembang & Operator Real Estat,Pengembangan
NISP,PT Bank OCBC NISP Tbk,Keuangan,Bank,Bank,Bank,Utama
NOBU,PT Bank Nationalnobu Tbk.,Keuangan,Bank,Bank,Bank,Utama
NPGF,PT Nusa Palapa Gemilang Tbk,Barang Baku,Barang Baku,Barang Kimia,Barang Kimia Pertanian,Pengembangan
NRCA,PT Nusa Raya Cipta Tbk.,Infrastruktur,Konstruksi Bangunan,Konstruksi Bangunan,Konstruksi Bangunan,Pengembangan
NSSS,PT Nusantara Sawit Sejahtera Tbk,Barang Konsumen Primer,Makanan & Minuman,Produk Makanan Pertanian,Perkebunan & Tanaman Pangan,Pengembangan
NTBK,PT Nusatama Berkah Tbk,Perindustrian,Barang Perindustrian,Mesin,Mesin Konstruksi & Kendaraan Berat,Pengembangan
NUSA,PT Sinergi Megah Internusa Tbk,Barang Konsumen Non-Primer,Jasa Konsumen,Pariwisata & Rekreasi,"Hotel, Resor & Kapal Pesiar",Pemantauan Khusus
NZIA,"PT Nusantara Almazia, Tbk.",Properti & Real Estat,Properti & Real Estat,Pengelola & Pengembang Real Estat,Pengembang & Operator Real Estat,Pengembangan
OASA,PT Maharaksa Biru Energi Tbk,Infrastruktur,Telekomunikasi,Jasa Telekomunikasi Nirkabel,Jasa Telekomunikasi Nirkabel,Pengembangan
OBAT,PT Brigit Biofarmaka Teknologi Tbk,Kesehatan,Farmasi & Riset Kesehatan,Farmasi,Farmasi,Pengembangan
OBMD,PT OBM Drilchem Tbk,Barang Baku,Barang Baku,Barang Kimia,Barang Kimia Khusus,Pengembangan
OCAP,ONIX CAPITAL Tbk,Keuangan,Perusahaan Holding & Investasi,Perusahaan Holding & Investasi,Perusahaan Holding Keuangan,Pemantauan Khusus
OILS,PT Indo Oil Perkasa Tbk,Barang Konsumen Primer,Makanan & Minuman,Produk Makanan Pertanian,Perkebunan & Tanaman Pangan,Pengembangan
OKAS,Ancora Indonesia Resources Tbk,Barang Baku,Barang Baku,Barang Kimia,Barang Kimia Dasar,Pengembangan
OLIV,PT Atlas Nexus Group Tbk,Barang Konsumen Non-Primer,Barang Rumah Tangga,Barang Rumah Tangga,Produsen Furnitur Rumah,Akselerasi
OMED,PT Jayamas Medica Industri Tbk,Kesehatan,Jasa & Peralatan Kesehatan,Peralatan & Perlengkapan Kesehatan,Penyedia & Distribusi Perlengkapan Kesehatan,Utama
OMRE,Indonesia Prima Property Tbk,Properti & Real Estat,Properti & Real Estat,Pengelola & Pengembang Real Estat,Pengembang & Operator Real Estat,Pengembangan
OPMS,PT Optima Prima Metal Sinergi Tbk.,Barang Baku,Barang Baku,Logam & Mineral,Baja & Besi,Pengembangan
PACK,PT Abadi Nusantara Hijau Investama Tbk,Barang Baku,Barang Baku,Wadah & Kemasan,Wadah & Kemasan,Akselerasi
PADA,PT Personel Alih Daya Tbk,Perindustrian,Jasa Perindustrian,Jasa Profesional,Jasa Personalia,Pengembangan
PADI,Minna Padi Investama Sekuritas Tbk,Keuangan,Jasa Investasi,Jasa Investasi,Bank Investasi & Perantara Perdagangan,Utama
PALM,PT Provident Investasi Bersama Tbk,Keuangan,Perusahaan Holding & Investasi,Perusahaan Holding & Investasi,Perusahaan Investasi,Utama
PAMG,PT Bima Sakti Pertiwi Tbk,Properti & Real Estat,Properti & Real Estat,Pengelola & Pengembang Real Estat,Pengembang & Operator Real Estat,Pengembangan
PANI,PT Pantai Indah Kapuk Dua Tbk.,Properti & Real Estat,Properti & Real Estat,Pengelola & Pengembang Real Estat,Pengembang & Operator Real Estat,Utama
PANR,Panorama Sentrawisata Tbk,Barang Konsumen Non-Primer,Jasa Konsumen,Pariwisata & Rekreasi,Agen Perjalanan,Pengembangan
PANS,Panin Sekuritas Tbk,Keuangan,Jasa Investasi,Jasa Investasi,Bank Investasi & Perantara Perdagangan,Utama
PART,PT Cipta Perdana Lancar Tbk,Barang Konsumen Non-Primer,Otomotif & Komponen Otomotif,Komponen Otomotif,Suku Cadang Otomotif,Pengembangan
PBID,PT Panca Budi Idaman Tbk,Barang Baku,Barang Baku,Wadah & Kemasan,Wadah & Kemasan,Utama
PBRX,Pan Brothers Tbk,Barang Konsumen Non-Primer,Pakaian & Barang Mewah,Pakaian & Barang Mewah,"Pakaian, Aksesoris, & Tas",Pemantauan Khusus
PBSA,PT Paramita Bangun Sarana Tbk,Infrastruktur,Konstruksi Bangunan,Konstruksi Bangunan,Konstruksi Bangunan,Pengembangan
PCAR,PT Prima Cakrawala Abadi Tbk,Barang Konsumen Primer,Perdagangan Ritel Barang Primer,Perdagangan Ritel Barang Primer,Ritel & Distributor Makanan,Pemantauan Khusus
PDES,Destinasi Tirta Nusantara Tbk,Barang Konsumen Non-Primer,Jasa Konsumen,Pariwisata & Rekreasi,Agen Perjalanan,Pengembangan
PDPP,PT Primadaya Plastisindo Tbk,Barang Baku,Barang Baku,Wadah & Kemasan,Wadah & Kemasan,Pengembangan
PEGE,PT Panca Global Kapital Tbk.,Keuangan,Perusahaan Holding & Investasi,Perusahaan Holding & Investasi,Perusahaan Holding Keuangan,Pengembangan
PEHA,PT Phapros Tbk,Kesehatan,Farmasi & Riset Kesehatan,Farmasi,Farmasi,Pengembangan
PEVE,PT Penta Valent Tbk,Kesehatan,Farmasi & Riset Kesehatan,Farmasi,Farmasi,Pengembangan
PGAS,PT Perusahaan Gas Negara (Persero) Tbk,Energi,"Minyak, Gas & Batu Bara",Minyak & Gas,Penyimpanan & Distribusi Minyak & Gas,Utama
PGEO,PT Pertamina Geothermal Energy Tbk,Infrastruktur,Utilitas,Utilitas Listrik,Utilitas Listrik,Utama
PGJO,PT Bahtera Bumi Raya Tbk,Teknologi,Perangkat Lunak & Jasa TI,Aplikasi & Jasa Internet,Aplikasi & Jasa Internet,Pemantauan Khusus
PGLI,Pembangunan Graha Lestari Indah Tbk,Barang Konsumen Non-Primer,Jasa Konsumen,Pariwisata & Rekreasi,Rumah Makan,Pengembangan
PGUN,PT Pradiksi Gunatama Tbk,Barang Konsumen Primer,Makanan & Minuman,Produk Makanan Pertanian,Perkebunan & Tanaman Pangan,Pengembangan
PICO,Pelangi Indah Canindo Tbk,Barang Baku,Barang Baku,Wadah & Kemasan,Wadah & Kemasan,Pengembangan
PIPA,PT Oxala Energy International Tbk,Perindustrian,Barang Perindustrian,Produk & Perlengkapan Bangunan,Produk & Perlengkapan Bangunan,Pengembangan
PJAA,Pembangunan Jaya Ancol Tbk,Barang Konsumen Non-Primer,Jasa Konsumen,Pariwisata & Rekreasi,Fasilitas Rekreasi & Olah Raga,Pengembangan
PJHB,PT Pelayaran Jaya Hidup Baru Tbk,Transportasi & Logistik,Logistik & Pengantaran,Logistik & Pengantaran,Logistik & Pengantaran,Pengembangan
PKPK,Paragon Karya Perkasa Tbk,Energi,"Minyak, Gas & Batu Bara","Pendukung Minyak, Gas & Batu Bara","Jasa & Perlengkapan Minyak, Gas & Batu Bara",Pengembangan
PLAN,PT Planet Properindo Jaya Tbk,Barang Konsumen Non-Primer,Jasa Konsumen,Pariwisata & Rekreasi,"Hotel, Resor & Kapal Pesiar",Akselerasi
PLAS,Polaris Investama Tbk,Keuangan,Perusahaan Holding & Investasi,Perusahaan Holding & Investasi,Perusahaan Holding Keuangan,Pemantauan Khusus
PLIN,Plaza Indonesia Realty Tbk,Properti & Real Estat,Properti & Real Estat,Pengelola & Pengembang Real Estat,Pengembang & Operator Real Estat,Pemantauan Khusus
PMJS,PT Putra Mandiri Jembar Tbk,Barang Konsumen Non-Primer,Perdagangan Ritel,Ritel Khusus,Ritel Otomotif,Pengembangan
PMMP,PT Panca Mitra Multiperdana Tbk.,Barang Konsumen Primer,Makanan & Minuman,Makanan Olahan,Makanan Olahan,Pemantauan Khusus
PMUI,PT Prima Multi Usaha Indonesia Tbk,Barang Konsumen Non-Primer,Perdagangan Ritel,Distributor Barang Konsumen,Distributor Barang Konsumen,Pengembangan
PNBN,Bank Pan Indonesia Tbk,Keuangan,Bank,Bank,Bank,Utama
PNBS,PT Bank Panin Dubai Syariah Tbk.,Keuangan,Bank,Bank,Bank,Pengembangan
PNGO,PT AEP Pinago Plantations Tbk,Barang Konsumen Primer,Makanan & Minuman,Produk Makanan Pertanian,Perkebunan & Tanaman Pangan,Pemantauan Khusus
PNIN,Paninvest Tbk,Keuangan,Asuransi,Asuransi,Asuransi Umum,Utama
PNLF,Panin Financial Tbk,Keuangan,Asuransi,Asuransi,Asuransi Jiwa,Utama
PNSE,Pudjiadi & Sons Tbk,Barang Konsumen Non-Primer,Jasa Konsumen,Pariwisata & Rekreasi,"Hotel, Resor & Kapal Pesiar",Pengembangan
POLA,PT Pool Advista Finance Tbk.,Keuangan,Jasa Pembiayaan,Pembiayaan Konsumen,Pembiayaan Konsumen,Pengembangan
POLI,PT Pollux Hotels Group Tbk,Properti & Real Estat,Properti & Real Estat,Pengelola & Pengembang Real Estat,Pengembang & Operator Real Estat,Pengembangan
POLL,PT Pollux Properties Indonesia Tbk.,Properti & Real Estat,Properti & Real Estat,Pengelola & Pengembang Real Estat,Pengembang & Operator Real Estat,Pemantauan Khusus
POLU,PT Golden Flower Tbk.,Barang Konsumen Non-Primer,Pakaian & Barang Mewah,Pakaian & Barang Mewah,"Pakaian, Aksesoris, & Tas",Pengembangan
POLY,Asia Pacific Fibers Tbk,Barang Konsumen Non-Primer,Pakaian & Barang Mewah,Pakaian & Barang Mewah,Tekstil,Pemantauan Khusus
POOL,Pool Advista Indonesia Tbk,Keuangan,Perusahaan Holding & Investasi,Perusahaan Holding & Investasi,Perusahaan Holding Keuangan,Pemantauan Khusus
PORT,PT Nusantara Pelabuhan Handal Tbk.,Infrastruktur,Infrastruktur Transportasi,Operator Infrastruktur Transportasi,Operator Pelabuhan,Utama
POSA,PT Bliss Properti Indonesia Tbk.,Properti & Real Estat,Properti & Real Estat,Pengelola & Pengembang Real Estat,Pengembang & Operator Real Estat,Pemantauan Khusus
POWR,PT Cikarang Listrindo Tbk.,Infrastruktur,Utilitas,Utilitas Listrik,Utilitas Listrik,Utama
PPGL,PT Prima Globalindo Logistik Tbk.,Transportasi & Logistik,Logistik & Pengantaran,Logistik & Pengantaran,Logistik & Pengantaran,Akselerasi
PPRE,PT PP Presisi Tbk.,Infrastruktur,Konstruksi Bangunan,Konstruksi Bangunan,Konstruksi Bangunan,Pengembangan
PPRI,PT Paperocks Indonesia Tbk.,Barang Baku,Barang Baku,Wadah & Kemasan,Wadah & Kemasan,Pengembangan
PPRO,PT PP Properti Tbk.,Properti & Real Estat,Properti & Real Estat,Pengelola & Pengembang Real Estat,Pengembang & Operator Real Estat,Pemantauan Khusus
PRAY,PT Famon Awal Bros Sedaya Tbk,Kesehatan,Jasa & Peralatan Kesehatan,Penyedia Jasa Kesehatan,Penyedia Jasa Kesehatan,Utama
PRDA,PT Prodia Widyahusada Tbk.,Kesehatan,Jasa & Peralatan Kesehatan,Penyedia Jasa Kesehatan,Penyedia Jasa Kesehatan,Utama
PRDL,PT Prodia Diagnostic Line Tbk,Kesehatan,Jasa & Peralatan Kesehatan,Peralatan & Perlengkapan Kesehatan,Penyedia & Distribusi Perlengkapan Kesehatan,Pengembangan
PRIM,PT Royal Prima Tbk.,Kesehatan,Jasa & Peralatan Kesehatan,Penyedia Jasa Kesehatan,Penyedia Jasa Kesehatan,Pengembangan
PSAB,J RESOURCES ASIA PASIFIK Tbk,Barang Baku,Barang Baku,Logam & Mineral,Emas,Pengembangan
PSAT,PT Pancaran Samudera Transport Tbk,Energi,"Minyak, Gas & Batu Bara",Batu Bara,Distribusi Batu Bara,Pengembangan
PSDN,Prasidha Aneka Niaga Tbk,Barang Konsumen Primer,Makanan & Minuman,Makanan Olahan,Makanan Olahan,Pengembangan
PSGO,PT Palma Serasih Tbk.,Barang Konsumen Primer,Makanan & Minuman,Produk Makanan Pertanian,Perkebunan & Tanaman Pangan,Utama
PSKT,PT Red Planet Indonesia Tbk,Barang Konsumen Non-Primer,Jasa Konsumen,Pariwisata & Rekreasi,"Hotel, Resor & Kapal Pesiar",Pengembangan
PSSI,PT IMC Pelita Logistik Tbk,Energi,"Minyak, Gas & Batu Bara",Batu Bara,Distribusi Batu Bara,Utama
PTBA,PT Bukit Asam (Persero) Tbk,Energi,"Minyak, Gas & Batu Bara",Batu Bara,Produksi Batu Bara,Utama
PTDU,PT Djasa Ubersakti Tbk,Infrastruktur,Konstruksi Bangunan,Konstruksi Bangunan,Konstruksi Bangunan,Pemantauan Khusus
PTIS,Indo Straits Tbk,Energi,"Minyak, Gas & Batu Bara",Batu Bara,Distribusi Batu Bara,Pengembangan
PTMP,PT Mitra Pack Tbk.,Perindustrian,Barang Perindustrian,Mesin,Mesin & Komponen Perindustrian,Pengembangan
PTMR,PT Master Print Tbk,Barang Baku,Barang Baku,Wadah & Kemasan,Wadah & Kemasan,Pemantauan Khusus
PTPP,PP (Persero) Tbk,Infrastruktur,Konstruksi Bangunan,Konstruksi Bangunan,Konstruksi Bangunan,Utama
PTPS,PT Pulau Subur Tbk.,Barang Konsumen Primer,Makanan & Minuman,Produk Makanan Pertanian,Perkebunan & Tanaman Pangan,Pengembangan
PTPW,PT Pratama Widya Tbk.,Infrastruktur,Konstruksi Bangunan,Konstruksi Bangunan,Konstruksi Bangunan,Pengembangan
PTRO,Petrosea Tbk,Energi,"Minyak, Gas & Batu Bara","Pendukung Minyak, Gas & Batu Bara","Jasa & Perlengkapan Minyak, Gas & Batu Bara",Utama
PTSN,Sat Nusapersada Tbk,Teknologi,Perangkat Keras & Peralatan Teknologi,Peralatan Jaringan,Peralatan Jaringan,Pengembangan
PTSP,Pioneerindo Gourmet International Tbk,Barang Konsumen Non-Primer,Jasa Konsumen,Pariwisata & Rekreasi,Rumah Makan,Pengembangan
PUDP,Pudjiadi Prestige Tbk,Properti & Real Estat,Properti & Real Estat,Pengelola & Pengembang Real Estat,Pengembang & Operator Real Estat,Pengembangan
PURA,PT Putra Rajawali Kencana Tbk.,Transportasi & Logistik,Logistik & Pengantaran,Logistik & Pengantaran,Logistik & Pengantaran,Pemantauan Khusus
PURE,PT Trinitan Metals and Minerals Tbk,Barang Baku,Barang Baku,Logam & Mineral,Logam & Mineral Lainnya,Pemantauan Khusus
PURI,PT Puri Global Sukses Tbk,Properti & Real Estat,Properti & Real Estat,Pengelola & Pengembang Real Estat,Pengembang & Operator Real Estat,Pengembangan
PWON,Pakuwon Jati Tbk,Properti & Real Estat,Properti & Real Estat,Pengelola & Pengembang Real Estat,Pengembang & Operator Real Estat,Utama
PYFA,PT Pyridam Farma Tbk,Kesehatan,Farmasi & Riset Kesehatan,Farmasi,Farmasi,Pengembangan
PZZA,PT Sarimelati Kencana Tbk.,Barang Konsumen Non-Primer,Jasa Konsumen,Pariwisata & Rekreasi,Rumah Makan,Pengembangan
RAAM,PT Tripar Multivision Plus Tbk.,Barang Konsumen Non-Primer,Media & Hiburan,Hiburan & Film,Hiburan & Film,Utama
RAFI,PT Sari Kreasi Boga Tbk,Barang Konsumen Non-Primer,Jasa Konsumen,Pariwisata & Rekreasi,Rumah Makan,Pemantauan Khusus
RAJA,Rukun Raharja Tbk,Energi,"Minyak, Gas & Batu Bara",Minyak & Gas,Penyimpanan & Distribusi Minyak & Gas,Utama
RALS,Ramayana Lestari Sentosa Tbk,Barang Konsumen Non-Primer,Perdagangan Ritel,Department Store,Department Store,Utama
RANC,Supra Boga Lestari Tbk,Barang Konsumen Primer,Perdagangan Ritel Barang Primer,Perdagangan Ritel Barang Primer,Supermarket,Pengembangan
RANS,PT Rans Entertainmen Indonesia Tbk,Barang Konsumen Non-Primer,Media & Hiburan,Hiburan & Film,Hiburan & Film,Pengembangan
RATU,PT Raharja Energi Cepu Tbk,Energi,"Minyak, Gas & Batu Bara",Minyak & Gas,Produksi & Penyulingan Minyak & Gas,Pengembangan
RBMS,Ristia Bintang Mahkotasejati Tbk,Properti & Real Estat,Properti & Real Estat,Pengelola & Pengembang Real Estat,Pengembang & Operator Real Estat,Pengembangan
RCCC,PT Utama Radar Cahaya Tbk,Transportasi & Logistik,Logistik & Pengantaran,Logistik & Pengantaran,Logistik & Pengantaran,Akselerasi
RDTX,Roda Vivatex Tbk,Properti & Real Estat,Properti & Real Estat,Pengelola & Pengembang Real Estat,Pengembang & Operator Real Estat,Pengembangan
REAL,PT Repower Asia Indonesia Tbk.,Properti & Real Estat,Properti & Real Estat,Pengelola & Pengembang Real Estat,Pengembang & Operator Real Estat,Pengembangan
RELF,PT Graha Mitra Asia Tbk.,Properti & Real Estat,Properti & Real Estat,Pengelola & Pengembang Real Estat,Pengembang & Operator Real Estat,Akselerasi
RELI,Reliance Sekuritas Indonesia Tbk,Keuangan,Jasa Investasi,Jasa Investasi,Bank Investasi & Perantara Perdagangan,Pengembangan
RGAS,PT Kian Santang Muliatama Tbk.,Energi,"Minyak, Gas & Batu Bara","Pendukung Minyak, Gas & Batu Bara","Jasa & Perlengkapan Minyak, Gas & Batu Bara",Pemantauan Khusus
RICY,Ricky Putra Globalindo Tbk,Barang Konsumen Non-Primer,Pakaian & Barang Mewah,Pakaian & Barang Mewah,"Pakaian, Aksesoris, & Tas",Pengembangan
RIGS,Rig Tenders Tbk,Energi,"Minyak, Gas & Batu Bara",Batu Bara,Distribusi Batu Bara,Pengembangan
RIMO,PT Rimo International Lestari Tbk.,Properti & Real Estat,Properti & Real Estat,Pengelola & Pengembang Real Estat,Pengembang & Operator Real Estat,Pemantauan Khusus
RISE,PT Jaya Sukses Makmur Sentosa Tbk.,Properti & Real Estat,Properti & Real Estat,Pengelola & Pengembang Real Estat,Pengembang & Operator Real Estat,Pengembangan
RLCO,PT Abadi Lestari Indonesia Tbk,Barang Konsumen Primer,Makanan & Minuman,Produk Makanan Pertanian,"Ikan, Daging & Produk Unggas",Pengembangan
RMKE,PT RMK Energy Tbk,Energi,"Minyak, Gas & Batu Bara",Batu Bara,Distribusi Batu Bara,Utama
RMKO,PT Royaltama Mulia Kontraktorindo Tbk.,Energi,"Minyak, Gas & Batu Bara","Pendukung Minyak, Gas & Batu Bara","Jasa & Perlengkapan Minyak, Gas & Batu Bara",Pengembangan
ROCK,PT Rockfields Properti Indonesia Tbk.,Properti & Real Estat,Properti & Real Estat,Pengelola & Pengembang Real Estat,Pengembang & Operator Real Estat,Pengembangan
RODA,Pikko Land Development Tbk,Properti & Real Estat,Properti & Real Estat,Pengelola & Pengembang Real Estat,Pengembang & Operator Real Estat,Pengembangan
RONY,PT Aracord Nusantara Group Tbk,Infrastruktur,Konstruksi Bangunan,Konstruksi Bangunan,Konstruksi Bangunan,Pengembangan
ROTI,PT Nippon Indosari Corpindo Tbk,Barang Konsumen Primer,Makanan & Minuman,Makanan Olahan,Makanan Olahan,Pengembangan
RSCH,PT Charlie Hospital Semarang Tbk.,Kesehatan,Jasa & Peralatan Kesehatan,Penyedia Jasa Kesehatan,Penyedia Jasa Kesehatan,Pengembangan
RSGK,PT Kedoya Adyaraya Tbk,Kesehatan,Jasa & Peralatan Kesehatan,Penyedia Jasa Kesehatan,Penyedia Jasa Kesehatan,Pengembangan
RUIS,Radiant Utama Interinsco Tbk,Energi,"Minyak, Gas & Batu Bara","Pendukung Minyak, Gas & Batu Bara","Jasa & Perlengkapan Minyak, Gas & Batu Bara",Pengembangan
RUNS,PT Global Sukses Solusi Tbk,Teknologi,Perangkat Lunak & Jasa TI,Perangkat Lunak,Perangkat Lunak,Akselerasi
SAFE,Steady Safe Tbk,Transportasi & Logistik,Transportasi,Pengangkutan Darat Penumpang,Transportasi Jalanan,Pengembangan
SAGE,PT Saptausaha Gemilangindah Tbk,Properti & Real Estat,Properti & Real Estat,Pengelola & Pengembang Real Estat,Pengembang & Operator Real Estat,Pemantauan Khusus
SAME,Sarana Meditama Metropolitan Tbk,Kesehatan,Jasa & Peralatan Kesehatan,Penyedia Jasa Kesehatan,Penyedia Jasa Kesehatan,Utama
SAMF,PT Saraswanti Anugerah Makmur Tbk.,Barang Baku,Barang Baku,Barang Kimia,Barang Kimia Pertanian,Utama
SAPX,PT Satria Antaran Prima Tbk.,Transportasi & Logistik,Logistik & Pengantaran,Logistik & Pengantaran,Logistik & Pengantaran,Pengembangan
SATU,PT Kota Satu Properti Tbk.,Properti & Real Estat,Properti & Real Estat,Pengelola & Pengembang Real Estat,Pengembang & Operator Real Estat,Pengembangan
SBAT,PT Sejahtera Bintang Abadi Textile Tbk.,Barang Konsumen Non-Primer,Pakaian & Barang Mewah,Pakaian & Barang Mewah,Tekstil,Pemantauan Khusus
SBMA,PT Surya Biru Murni Acetylene Tbk,Barang Baku,Barang Baku,Barang Kimia,Barang Kimia Dasar,Pengembangan
SCCO,PT Supreme Cable Manufacturing & Commerce Tbk,Perindustrian,Barang Perindustrian,Kelistrikan,Komponen & Peralatan Kelistrikan,Pengembangan
SCMA,Surya Citra Media Tbk,Barang Konsumen Non-Primer,Media & Hiburan,Media,Penyiaran,Utama
SCNP,PT Selaras Citra Nusantara Perkasa Tbk,Barang Konsumen Non-Primer,Barang Rumah Tangga,Barang Rumah Tangga,Peralatan Rumah Tangga,Pengembangan
SCPI,PT Organon Pharma Indonesia Tbk,Kesehatan,Farmasi & Riset Kesehatan,Farmasi,Farmasi,Pemantauan Khusus
SDMU,Sidomulyo Selaras Tbk,Transportasi & Logistik,Logistik & Pengantaran,Logistik & Pengantaran,Logistik & Pengantaran,Pengembangan
SDPC,Millennium Pharmacon International Tbk,Barang Konsumen Primer,Perdagangan Ritel Barang Primer,Perdagangan Ritel Barang Primer,Ritel & Distributor Obat-obatan,Pengembangan
SDRA,PT Bank Woori Saudara Indonesia 1906 Tbk,Keuangan,Bank,Bank,Bank,Pengembangan
SEMA,PT Semacom Integrated Tbk,Energi,Energi Alternatif,Peralatan Energi Alternatif,Peralatan Energi Alternatif,Pengembangan
SFAN,PT Surya Fajar Capital Tbk,Keuangan,Perusahaan Holding & Investasi,Perusahaan Holding & Investasi,Perusahaan Holding Keuangan,Pengembangan
SGER,PT Sumber Global Energy Tbk.,Energi,"Minyak, Gas & Batu Bara",Batu Bara,Distribusi Batu Bara,Utama
SGRO,PT Prime Agri Resources Tbk,Barang Konsumen Primer,Makanan & Minuman,Produk Makanan Pertanian,Perkebunan & Tanaman Pangan,Utama
SHID,Hotel Sahid Jaya Tbk,Barang Konsumen Non-Primer,Jasa Konsumen,Pariwisata & Rekreasi,"Hotel, Resor & Kapal Pesiar",Pengembangan
SHIP,PT Sillo Maritime Perdana Tbk,Energi,"Minyak, Gas & Batu Bara",Minyak & Gas,Penyimpanan & Distribusi Minyak & Gas,Utama
SICO,PT Sigma Energy Compressindo Tbk,Energi,"Minyak, Gas & Batu Bara","Pendukung Minyak, Gas & Batu Bara","Jasa & Perlengkapan Minyak, Gas & Batu Bara",Pengembangan
SIDO,PT Industri Jamu Dan Farmasi Sido Muncul Tbk,Kesehatan,Farmasi & Riset Kesehatan,Farmasi,Farmasi,Utama
SILO,PT Siloam International Hospitals Tbk.,Kesehatan,Jasa & Peralatan Kesehatan,Penyedia Jasa Kesehatan,Penyedia Jasa Kesehatan,Utama
SIMA,Siwani Makmur Tbk,Barang Baku,Barang Baku,Wadah & Kemasan,Wadah & Kemasan,Pemantauan Khusus
SIMP,Salim Ivomas Pratama Tbk,Barang Konsumen Primer,Makanan & Minuman,Produk Makanan Pertanian,Perkebunan & Tanaman Pangan,Utama
SINI,PT Singaraja Putra Tbk.,Perindustrian,Barang Perindustrian,Produk & Perlengkapan Bangunan,Produk & Perlengkapan Bangunan,Pemantauan Khusus
SIPD,PT Sreeya Sewu Indonesia Tbk,Barang Konsumen Primer,Makanan & Minuman,Produk Makanan Pertanian,"Ikan, Daging & Produk Unggas",Pengembangan
SKBM,Sekar Bumi Tbk,Barang Konsumen Primer,Makanan & Minuman,Makanan Olahan,Makanan Olahan,Pengembangan
SKLT,Sekar Laut Tbk,Barang Konsumen Primer,Makanan & Minuman,Makanan Olahan,Makanan Olahan,Pengembangan
SKRN,PT Superkrane Mitra Utama Tbk,Perindustrian,Barang Perindustrian,Mesin,Mesin Konstruksi & Kendaraan Berat,Utama
SKYB,PT Northcliff Citranusa Indonesia Tbk.,Teknologi,Perangkat Lunak & Jasa TI,Perangkat Lunak,Perangkat Lunak,Pemantauan Khusus
SLIS,PT Gaya Abadi Sempurna Tbk,Barang Konsumen Non-Primer,Perdagangan Ritel,Ritel Khusus,Ritel Elektronik,Pengembangan
SMAR,PT Sinar Mas Agro Resources and Technology Tbk,Barang Konsumen Primer,Makanan & Minuman,Produk Makanan Pertanian,Perkebunan & Tanaman Pangan,Utama
SMBR,PT Semen Baturaja (Persero) Tbk,Barang Baku,Barang Baku,Material Konstruksi,Material Konstruksi,Utama
SMCB,PT Solusi Bangun Indonesia Tbk,Barang Baku,Barang Baku,Material Konstruksi,Material Konstruksi,Pemantauan Khusus
SMDM,Suryamas Dutamakmur Tbk,Properti & Real Estat,Properti & Real Estat,Pengelola & Pengembang Real Estat,Pengembang & Operator Real Estat,Pengembangan
SMDR,Samudera Indonesia Tbk,Transportasi & Logistik,Logistik & Pengantaran,Logistik & Pengantaran,Logistik & Pengantaran,Utama
SMGA,PT Sumber Mineral Global Abadi Tbk,Barang Baku,Barang Baku,Logam & Mineral,Logam & Mineral Lainnya,Pengembangan
SMGR,Semen Indonesia (Persero) Tbk,Barang Baku,Barang Baku,Material Konstruksi,Material Konstruksi,Utama
SMIL,PT Sarana Mitra Luas Tbk,Perindustrian,Barang Perindustrian,Mesin,Mesin Konstruksi & Kendaraan Berat,Utama
SMKL,PT Satyamitra Kemas Lestari Tbk,Barang Baku,Barang Baku,Wadah & Kemasan,Wadah & Kemasan,Pengembangan
SMKM,PT Sumber Mas Konstruksi Tbk,Infrastruktur,Konstruksi Bangunan,Konstruksi Bangunan,Konstruksi Bangunan,Akselerasi
SMLE,PT Sinergi Multi Lestarindo Tbk,Barang Baku,Barang Baku,Barang Kimia,Barang Kimia Dasar,Pengembangan
SMMA,PT Sinar Mas Multiartha Tbk,Keuangan,Perusahaan Holding & Investasi,Perusahaan Holding & Investasi,Perusahaan Holding Keuangan,Pengembangan
SMMT,GOLDEN EAGLE ENERGY Tbk,Energi,"Minyak, Gas & Batu Bara",Batu Bara,Produksi Batu Bara,Pengembangan
SMRA,PT Summarecon Agung Tbk,Properti & Real Estat,Properti & Real Estat,Pengelola & Pengembang Real Estat,Pengembang & Operator Real Estat,Utama
SMRU,SMR Utama Tbk,Energi,"Minyak, Gas & Batu Bara","Pendukung Minyak, Gas & Batu Bara","Jasa & Perlengkapan Minyak, Gas & Batu Bara",Pemantauan Khusus
SMSM,Selamat Sempurna Tbk,Barang Konsumen Non-Primer,Otomotif & Komponen Otomotif,Komponen Otomotif,Suku Cadang Otomotif,Utama
SNLK,PT Sunter Lakeside Hotel Tbk.,Barang Konsumen Non-Primer,Jasa Konsumen,Pariwisata & Rekreasi,"Hotel, Resor & Kapal Pesiar",Pengembangan
SOCI,PT Soechi Lines Tbk.,Energi,"Minyak, Gas & Batu Bara",Minyak & Gas,Penyimpanan & Distribusi Minyak & Gas,Pengembangan
SOFA,PT Solusi Environment Asia Tbk,Barang Konsumen Non-Primer,Barang Rumah Tangga,Barang Rumah Tangga,Produsen Furnitur Rumah,Akselerasi
SOHO,PT Soho Global Health Tbk,Kesehatan,Farmasi & Riset Kesehatan,Farmasi,Farmasi,Pengembangan
SOLA,PT Xolare RCR Energy Tbk,Barang Baku,Barang Baku,Material Konstruksi,Material Konstruksi,Pengembangan
SONA,Sona Topas Tourism Industry Tbk,Barang Konsumen Non-Primer,Perdagangan Ritel,Department Store,Department Store,Pemantauan Khusus
SOSS,PT ALSOK Indonesia Services Tbk,Perindustrian,Jasa Perindustrian,Jasa Profesional,Jasa Personalia,Pemantauan Khusus
SOTS,PT Satria Mega Kencana Tbk.,Barang Konsumen Non-Primer,Jasa Konsumen,Pariwisata & Rekreasi,"Hotel, Resor & Kapal Pesiar",Pengembangan
SOUL,PT Mitra Tirta Buwana Tbk,Barang Konsumen Primer,Makanan & Minuman,Minuman,Minuman Ringan,Akselerasi
SPMA,Suparma Tbk,Barang Baku,Barang Baku,Wadah & Kemasan,Wadah & Kemasan,Pengembangan
SPRE,PT Soraya Berjaya Indonesia Tbk,Barang Konsumen Non-Primer,Pakaian & Barang Mewah,Pakaian & Barang Mewah,Tekstil,Akselerasi
SPTO,PT Surya Pertiwi Tbk,Perindustrian,Barang Perindustrian,Produk & Perlengkapan Bangunan,Produk & Perlengkapan Bangunan,Utama
SQMI,Wilton Makmur Indonesia Tbk,Barang Baku,Barang Baku,Logam & Mineral,Emas,Pengembangan
SRAJ,Sejahteraraya Anugrahjaya Tbk,Kesehatan,Jasa & Peralatan Kesehatan,Penyedia Jasa Kesehatan,Penyedia Jasa Kesehatan,Pengembangan
SRIL,PT Sri Rejeki Isman Tbk,Barang Konsumen Non-Primer,Pakaian & Barang Mewah,Pakaian & Barang Mewah,Tekstil,Pemantauan Khusus
SRSN,Indo Acidatama Tbk,Barang Baku,Barang Baku,Barang Kimia,Barang Kimia Dasar,Pengembangan
SRTG,PT Saratoga Investama Sedaya Tbk.,Keuangan,Perusahaan Holding & Investasi,Perusahaan Holding & Investasi,Perusahaan Investasi,Utama
SSIA,PT Surya Semesta Internusa Tbk,Infrastruktur,Konstruksi Bangunan,Konstruksi Bangunan,Konstruksi Bangunan,Utama
SSMS,PT Sawit Sumbermas Sarana Tbk.,Barang Konsumen Primer,Makanan & Minuman,Produk Makanan Pertanian,Perkebunan & Tanaman Pangan,Utama
SSTM,Sunson Textile Manufacturer Tbk,Barang Konsumen Non-Primer,Pakaian & Barang Mewah,Pakaian & Barang Mewah,Tekstil,Pengembangan
STAA,PT Sumber Tani Agung Resources Tbk,Barang Konsumen Primer,Makanan & Minuman,Produk Makanan Pertanian,Perkebunan & Tanaman Pangan,Utama
STAR,PT Buana Artha Anugerah Tbk.,Keuangan,Perusahaan Holding & Investasi,Perusahaan Holding & Investasi,Perusahaan Holding Keuangan,Pengembangan
STRK,PT Lovina Beach Brewery Tbk.,Barang Konsumen Primer,Makanan & Minuman,Minuman,Minuman Keras,Pengembangan
STTP,PT Siantar Top Tbk,Barang Konsumen Primer,Makanan & Minuman,Makanan Olahan,Makanan Olahan,Pengembangan
SUGI,Sugih Energy Tbk,Energi,"Minyak, Gas & Batu Bara",Minyak & Gas,Produksi & Penyulingan Minyak & Gas,Pemantauan Khusus
SULI,PT SLJ Global Tbk,Barang Baku,Barang Baku,Perhutanan & Kertas,Kayu,Pengembangan
SUNI,PT Sunindo Pratama Tbk,Energi,"Minyak, Gas & Batu Bara","Pendukung Minyak, Gas & Batu Bara","Jasa & Perlengkapan Minyak, Gas & Batu Bara",Utama
SUPA,PT Super Bank Indonesia Tbk,Keuangan,Bank,Bank,Bank,Pengembangan
SUPR,Solusi Tunas Pratama Tbk,Infrastruktur,Telekomunikasi,Jasa Telekomunikasi Nirkabel,Jasa Telekomunikasi Nirkabel,Pemantauan Khusus
SURE,PT Super Energy Tbk.,Energi,"Minyak, Gas & Batu Bara",Minyak & Gas,Produksi & Penyulingan Minyak & Gas,Pengembangan
SURI,PT Maja Agung Latexindo Tbk.,Kesehatan,Jasa & Peralatan Kesehatan,Peralatan & Perlengkapan Kesehatan,Penyedia & Distribusi Perlengkapan Kesehatan,Pengembangan
SWAT,PT Sriwahana Adityakarta Tbk.,Barang Baku,Barang Baku,Perhutanan & Kertas,Kertas,Pemantauan Khusus
SWID,PT Saraswanti Indoland Development Tbk,Barang Konsumen Non-Primer,Jasa Konsumen,Pariwisata & Rekreasi,"Hotel, Resor & Kapal Pesiar",Pengembangan
TALF,PT Tunas Alfin Tbk,Barang Baku,Barang Baku,Wadah & Kemasan,Wadah & Kemasan,Pengembangan
TAMA,PT Lancartama Sejati Tbk.,Infrastruktur,Konstruksi Bangunan,Konstruksi Bangunan,Konstruksi Bangunan,Pengembangan
TAMU,PT Pelayaran Tamarin Samudra Tbk.,Energi,"Minyak, Gas & Batu Bara","Pendukung Minyak, Gas & Batu Bara","Jasa & Perlengkapan Minyak, Gas & Batu Bara",Pemantauan Khusus
TAPG,PT Triputra Agro Persada Tbk.,Barang Konsumen Primer,Makanan & Minuman,Produk Makanan Pertanian,Perkebunan & Tanaman Pangan,Utama
TARA,PT Agung Semesta Sejahtera Tbk,Properti & Real Estat,Properti & Real Estat,Pengelola & Pengembang Real Estat,Pengembang & Operator Real Estat,Pemantauan Khusus
TAXI,Express Transindo Utama Tbk,Transportasi & Logistik,Transportasi,Pengangkutan Darat Penumpang,Transportasi Jalanan,Pemantauan Khusus
TAYS,PT Jaya Swarasa Agung Tbk,Barang Konsumen Primer,Makanan & Minuman,Makanan Olahan,Makanan Olahan,Pengembangan
TBIG,PT Tower Bersama Infrastructure Tbk,Infrastruktur,Telekomunikasi,Jasa Telekomunikasi Nirkabel,Jasa Telekomunikasi Nirkabel,Utama
TBLA,Tunas Baru Lampung Tbk,Barang Konsumen Primer,Makanan & Minuman,Makanan Olahan,Makanan Olahan,Utama
TBMS,Tembaga Mulia Semanan Tbk,Barang Baku,Barang Baku,Logam & Mineral,Tembaga,Pengembangan
TCID,Mandom Indonesia Tbk,Barang Konsumen Primer,Produk Rumah Tangga Tidak Tahan Lama,Produk Perawatan Tubuh,Produk Perawatan Tubuh,Pengembangan
TCPI,PT Transcoal Pacific Tbk.,Energi,"Minyak, Gas & Batu Bara",Batu Bara,Distribusi Batu Bara,Pengembangan
TDPM,PT Tianrong Chemicals Industry Tbk,Barang Baku,Barang Baku,Barang Kimia,Barang Kimia Dasar,Pemantauan Khusus
TEBE,PT Dana Brata Luhur Tbk.,Energi,"Minyak, Gas & Batu Bara",Batu Bara,Distribusi Batu Bara,Utama
TECH,PT Indosterling Technomedia Tbk,Teknologi,Perangkat Lunak & Jasa TI,Jasa & Konsultan TI,Jasa & Konsultan TI,Pemantauan Khusus
TELE,PT Omni Inovasi Indonesia Tbk,Barang Konsumen Non-Primer,Perdagangan Ritel,Distributor Barang Konsumen,Distributor Barang Konsumen,Pemantauan Khusus
TFAS,PT Telefast Indonesia Tbk.,Teknologi,Perangkat Lunak & Jasa TI,Aplikasi & Jasa Internet,Aplikasi & Jasa Internet,Pengembangan
TFCO,Tifico Fiber Indonesia Tbk,Barang Konsumen Non-Primer,Pakaian & Barang Mewah,Pakaian & Barang Mewah,Tekstil,Pemantauan Khusus
TGKA,Tigaraksa Satria Tbk,Barang Konsumen Primer,Makanan & Minuman,Makanan Olahan,Makanan Olahan,Pengembangan
TGRA,PT Terregra Asia Energy,Infrastruktur,Utilitas,Utilitas Listrik,Utilitas Listrik,Pemantauan Khusus
TGUK,PT Platinum Wahab Nusantara Tbk.,Barang Konsumen Primer,Makanan & Minuman,Makanan Olahan,Produk Susu Olahan,Pemantauan Khusus
TIFA,KDB Tifa Finance Tbk,Keuangan,Jasa Pembiayaan,Pembiayaan Konsumen,Pembiayaan Konsumen,Pengembangan
TINS,PT TIMAH (Persero) Tbk,Barang Baku,Barang Baku,Logam & Mineral,Logam & Mineral Lainnya,Utama
TIRA,Tira Austenite Tbk,Perindustrian,Jasa Perindustrian,Perdagangan Aneka Barang Perindustrian,Perdagangan Aneka Barang Perindustrian,Pengembangan
TIRT,Tirta Mahakam Resources Tbk,Barang Baku,Barang Baku,Perhutanan & Kertas,Kayu,Pemantauan Khusus
TKIM,Pabrik Kertas Tjiwi Kimia Tbk,Barang Baku,Barang Baku,Perhutanan & Kertas,Kertas,Utama
TLDN,PT Teladan Prima Agro Tbk,Barang Konsumen Primer,Makanan & Minuman,Produk Makanan Pertanian,Perkebunan & Tanaman Pangan,Utama
TLKM,PT Telkom Indonesia (Persero) Tbk,Infrastruktur,Telekomunikasi,Jasa Telekomunikasi,Jasa Telekomunikasi Terintegrasi,Utama
TMAS,PT Temas Tbk.,Transportasi & Logistik,Logistik & Pengantaran,Logistik & Pengantaran,Logistik & Pengantaran,Utama
TMPO,Tempo Inti Media Tbk,Barang Konsumen Non-Primer,Media & Hiburan,Media,Penerbitan,Pengembangan
TNCA,PT Trimuda Nuansa Citra Tbk.,Transportasi & Logistik,Logistik & Pengantaran,Logistik & Pengantaran,Logistik & Pengantaran,Pengembangan
TOBA,PT TBS Energi Utama Tbk,Energi,"Minyak, Gas & Batu Bara",Batu Bara,Produksi Batu Bara,Utama
TOOL,PT Rohartindo Nusantara Luas Tbk,Barang Konsumen Non-Primer,Perdagangan Ritel,Ritel Khusus,Ritel Barang Rumah Tangga,Pengembangan
TOPS,PT Totalindo Eka Persada Tbk.,Infrastruktur,Konstruksi Bangunan,Konstruksi Bangunan,Konstruksi Bangunan,Pemantauan Khusus
TOSK,PT Topindo Solusi Komunika Tbk.,Teknologi,Perangkat Lunak & Jasa TI,Aplikasi & Jasa Internet,Aplikasi & Jasa Internet,Pengembangan
TOTL,Total Bangun Persada Tbk,Infrastruktur,Konstruksi Bangunan,Konstruksi Bangunan,Konstruksi Bangunan,Utama
TOTO,Surya Toto Indonesia Tbk,Perindustrian,Barang Perindustrian,Produk & Perlengkapan Bangunan,Produk & Perlengkapan Bangunan,Utama
TOWR,Sarana Menara Nusantara Tbk,Infrastruktur,Telekomunikasi,Jasa Telekomunikasi Nirkabel,Jasa Telekomunikasi Nirkabel,Utama
TOYS,PT Sunindo Adipersada Tbk.,Barang Konsumen Non-Primer,Barang Rekreasi,Peralatan Olah Raga & Barang Hobi,Peralatan Olah Raga & Barang Hobi,Pemantauan Khusus
TPIA,PT Chandra Asri Pacific Tbk,Barang Baku,Barang Baku,Barang Kimia,Barang Kimia Dasar,Utama
TPMA,Trans Power Marine Tbk,Energi,"Minyak, Gas & Batu Bara",Batu Bara,Distribusi Batu Bara,Utama
TRAM,Trada Alam Minera Tbk.,Energi,"Minyak, Gas & Batu Bara",Batu Bara,Produksi Batu Bara,Pemantauan Khusus
TRGU,PT Cerestar Indonesia Tbk,Barang Konsumen Primer,Makanan & Minuman,Makanan Olahan,Makanan Olahan,Utama
TRIL,Triwira Insanlestari Tbk,Perindustrian,Jasa Perindustrian,Perdagangan Aneka Barang Perindustrian,Perdagangan Aneka Barang Perindustrian,Pemantauan Khusus
TRIM,PT Trimegah Sekuritas Indonesia Tbk,Keuangan,Jasa Investasi,Jasa Investasi,Bank Investasi & Perantara Perdagangan,Utama
TRIN,PT Perintis Triniti Properti Tbk,Properti & Real Estat,Properti & Real Estat,Pengelola & Pengembang Real Estat,Pengembang & Operator Real Estat,Pengembangan
TRIO,Trikomsel Oke Tbk,Barang Konsumen Non-Primer,Perdagangan Ritel,Ritel Khusus,Ritel Elektronik,Pemantauan Khusus
TRIS,Trisula International Tbk,Barang Konsumen Non-Primer,Pakaian & Barang Mewah,Pakaian & Barang Mewah,"Pakaian, Aksesoris, & Tas",Pengembangan
TRJA,PT Transkon Jaya Tbk.,Transportasi & Logistik,Transportasi,Pengangkutan Darat Penumpang,Transportasi Jalanan,Pengembangan
TRON,PT Teknologi Karya Digital Nusa Tbk.,Teknologi,Perangkat Lunak & Jasa TI,Perangkat Lunak,Perangkat Lunak,Pengembangan
TRST,Trias Sentosa Tbk,Barang Baku,Barang Baku,Wadah & Kemasan,Wadah & Kemasan,Pengembangan
TRUE,PT Triniti Dinamik Tbk,Properti & Real Estat,Properti & Real Estat,Pengelola & Pengembang Real Estat,Pengembang & Operator Real Estat,Pengembangan
TRUK,PT Guna Timur Raya Tbk.,Transportasi & Logistik,Logistik & Pengantaran,Logistik & Pengantaran,Logistik & Pengantaran,Pengembangan
TRUS,Trust Finance Indonesia Tbk,Keuangan,Jasa Pembiayaan,Pembiayaan Konsumen,Pembiayaan Konsumen,Pengembangan
TSPC,Tempo Scan Pacific Tbk,Kesehatan,Farmasi & Riset Kesehatan,Farmasi,Farmasi,Utama
TUGU,PT Asuransi Tugu Pratama Indonesia Tbk,Keuangan,Asuransi,Asuransi,Asuransi Umum,Utama
TYRE,PT King Tire Indonesia Tbk.,Barang Konsumen Non-Primer,Otomotif & Komponen Otomotif,Komponen Otomotif,Ban,Pengembangan
UANG,PT Pakuan Tbk,Properti & Real Estat,Properti & Real Estat,Pengelola & Pengembang Real Estat,Pengembang & Operator Real Estat,Pengembangan
UCID,PT Uni-Charm Indonesia Tbk.,Barang Konsumen Primer,Produk Rumah Tangga Tidak Tahan Lama,Produk Perawatan Tubuh,Produk Perawatan Tubuh,Utama
UDNG,PT Agro Bahari Nusantara Tbk,Barang Konsumen Primer,Makanan & Minuman,Produk Makanan Pertanian,"Ikan, Daging & Produk Unggas",Akselerasi
UFOE,PT Damai Sejahtera Abadi Tbk,Barang Konsumen Non-Primer,Perdagangan Ritel,Ritel Khusus,Ritel Elektronik,Pengembangan
ULTJ,PT Ultrajaya Milk Industry & Trading Company Tbk,Barang Konsumen Primer,Makanan & Minuman,Makanan Olahan,Produk Susu Olahan,Utama
UNIC,Unggul Indah Cahaya Tbk,Barang Baku,Barang Baku,Barang Kimia,Barang Kimia Dasar,Utama
UNIQ,PT Ulima Nitra Tbk,Energi,"Minyak, Gas & Batu Bara","Pendukung Minyak, Gas & Batu Bara","Jasa & Perlengkapan Minyak, Gas & Batu Bara",Pengembangan
UNIT,Nusantara Inti Corpora Tbk,Barang Konsumen Non-Primer,Pakaian & Barang Mewah,Pakaian & Barang Mewah,Tekstil,Pengembangan
UNSP,Bakrie Sumatera Plantations Tbk,Barang Konsumen Primer,Makanan & Minuman,Produk Makanan Pertanian,Perkebunan & Tanaman Pangan,Pemantauan Khusus
UNTD,PT Terang Dunia Internusa Tbk.,Barang Konsumen Non-Primer,Barang Rekreasi,Peralatan Olah Raga & Barang Hobi,Peralatan Olah Raga & Barang Hobi,Pengembangan
UNTR,United Tractors Tbk,Perindustrian,Barang Perindustrian,Mesin,Mesin Konstruksi & Kendaraan Berat,Utama
UNVR,Unilever Indonesia Tbk,Barang Konsumen Primer,Produk Rumah Tangga Tidak Tahan Lama,Produk Perawatan Tubuh,Produk Perawatan Tubuh,Utama
URBN,PT Urban Jakarta Propertindo Tbk.,Properti & Real Estat,Properti & Real Estat,Pengelola & Pengembang Real Estat,Pengembang & Operator Real Estat,Pemantauan Khusus
UVCR,PT Trimegah Karya Pratama Tbk.,Teknologi,Perangkat Lunak & Jasa TI,Aplikasi & Jasa Internet,Aplikasi & Jasa Internet,Pengembangan
VAST,PT Vastland Indonesia Tbk,Properti & Real Estat,Properti & Real Estat,Pengelola & Pengembang Real Estat,Pengembang & Operator Real Estat,Pengembangan
VERN,PT Verona Indah Pictures Tbk,Barang Konsumen Non-Primer,Media & Hiburan,Hiburan & Film,Hiburan & Film,Pengembangan
VICI,PT Victoria Care Indonesia Tbk,Barang Konsumen Primer,Produk Rumah Tangga Tidak Tahan Lama,Produk Perawatan Tubuh,Produk Perawatan Tubuh,Utama
VICO,PT Victoria Investama Tbk.,Keuangan,Perusahaan Holding & Investasi,Perusahaan Holding & Investasi,Perusahaan Holding Keuangan,Utama
VINS,PT Victoria Insurance Tbk.,Keuangan,Asuransi,Asuransi,Asuransi Umum,Pengembangan
VISI,PT Satu Visi Putra Tbk.,Perindustrian,Jasa Perindustrian,Jasa Komersial,Peralatan Kantor,Pengembangan
VIVA,PT Visi Media Asia Tbk,Barang Konsumen Non-Primer,Media & Hiburan,Media,Penyiaran,Pemantauan Khusus
VKTR,PT VKTR Teknologi Mobilitas Tbk,Barang Konsumen Non-Primer,Otomotif & Komponen Otomotif,Komponen Otomotif,Suku Cadang Otomotif,Pengembangan
VOKS,Voksel Electric Tbk,Perindustrian,Barang Perindustrian,Kelistrikan,Komponen & Peralatan Kelistrikan,Pengembangan
VRNA,PT Mizuho Leasing Indonesia Tbk,Keuangan,Jasa Pembiayaan,Pembiayaan Konsumen,Pembiayaan Konsumen,Pengembangan
VTNY,PT Venteny Fortuna International Tbk,Keuangan,Jasa Pembiayaan,Pembiayaan Konsumen,Pembiayaan Konsumen,Pengembangan
WAPO,Wahana Pronatural Tbk,Barang Konsumen Primer,Makanan & Minuman,Produk Makanan Pertanian,Perkebunan & Tanaman Pangan,Pengembangan
WBSA,PT BSA Logistics Indonesia Tbk,Transportasi & Logistik,Logistik & Pengantaran,Logistik & Pengantaran,Logistik & Pengantaran,Pengembangan
WEGE,PT Wijaya Karya Bangunan Gedung Tbk.,Infrastruktur,Konstruksi Bangunan,Konstruksi Bangunan,Konstruksi Bangunan,Pengembangan
WEHA,PT WEHA Transportasi Indonesia Tbk,Transportasi & Logistik,Transportasi,Pengangkutan Darat Penumpang,Transportasi Jalanan,Pengembangan
WGSH,PT Wira Global Solusi Tbk,Teknologi,Perangkat Lunak & Jasa TI,Perangkat Lunak,Perangkat Lunak,Akselerasi
WICO,Wicaksana Overseas International Tbk,Barang Konsumen Primer,Perdagangan Ritel Barang Primer,Perdagangan Ritel Barang Primer,Ritel & Distributor Makanan,Pemantauan Khusus
WIDI,PT Widiant Jaya Krenindo Tbk.,Perindustrian,Barang Perindustrian,Mesin,Mesin Konstruksi & Kendaraan Berat,Akselerasi
WIFI,PT Solusi Sinergi Digital Tbk,Teknologi,Perangkat Lunak & Jasa TI,Aplikasi & Jasa Internet,Aplikasi & Jasa Internet,Pengembangan
WIIM,Wismilak Inti Makmur Tbk,Barang Konsumen Primer,Rokok,Rokok,Rokok,Utama
WIKA,PT Wijaya Karya (Persero) Tbk,Infrastruktur,Konstruksi Bangunan,Konstruksi Bangunan,Konstruksi Bangunan,Pemantauan Khusus
WINE,PT Hatten Bali Tbk,Barang Konsumen Primer,Makanan & Minuman,Minuman,Minuman Keras,Pengembangan
WINR,PT Winner Nusantara Jaya Tbk,Properti & Real Estat,Properti & Real Estat,Pengelola & Pengembang Real Estat,Pengembang & Operator Real Estat,Pemantauan Khusus
WINS,Wintermar Offshore Marine Tbk,Energi,"Minyak, Gas & Batu Bara","Pendukung Minyak, Gas & Batu Bara","Jasa & Perlengkapan Minyak, Gas & Batu Bara",Utama
WIRG,PT WIR ASIA Tbk,Teknologi,Perangkat Lunak & Jasa TI,Perangkat Lunak,Perangkat Lunak,Pengembangan
WMPP,PT Widodo Makmur Perkasa Tbk,Barang Konsumen Primer,Makanan & Minuman,Produk Makanan Pertanian,"Ikan, Daging & Produk Unggas",Pemantauan Khusus
WMUU,PT Widodo Makmur Unggas Tbk,Barang Konsumen Primer,Makanan & Minuman,Produk Makanan Pertanian,"Ikan, Daging & Produk Unggas",Pengembangan
WOMF,PT Wahana Ottomitra Multiartha Tbk,Keuangan,Jasa Pembiayaan,Pembiayaan Konsumen,Pembiayaan Konsumen,Pengembangan
WOOD,PT Integra Indocabinet Tbk,Barang Konsumen Non-Primer,Barang Rumah Tangga,Barang Rumah Tangga,Produsen Furnitur Rumah,Utama
WOWS,PT Ginting Jaya Energi Tbk,Energi,"Minyak, Gas & Batu Bara","Pendukung Minyak, Gas & Batu Bara","Jasa & Perlengkapan Minyak, Gas & Batu Bara",Pengembangan
WSBP,PT Waskita Beton Precast Tbk.,Barang Baku,Barang Baku,Material Konstruksi,Material Konstruksi,Pemantauan Khusus
WSKT,PT Waskita Karya (Persero) Tbk,Infrastruktur,Konstruksi Bangunan,Konstruksi Bangunan,Konstruksi Bangunan,Pemantauan Khusus
WTON,Wijaya Karya Beton,Barang Baku,Barang Baku,Material Konstruksi,Material Konstruksi,Utama
YELO,PT Yelooo Integra Datanet Tbk.,Barang Konsumen Non-Primer,Perdagangan Ritel,Distributor Barang Konsumen,Distributor Barang Konsumen,Pengembangan
YOII,PT Asuransi Digital Bersama Tbk,Keuangan,Asuransi,Asuransi,Asuransi Umum,Pengembangan
YPAS,Yanaprima Hastapersada Tbk,Barang Baku,Barang Baku,Wadah & Kemasan,Wadah & Kemasan,Pengembangan
YULE,Yulie Sekuritas Indonesia Tbk,Keuangan,Jasa Investasi,Jasa Investasi,Bank Investasi & Perantara Perdagangan,Pengembangan
YUPI,PT Yupi Indo Jelly Gum Tbk,Barang Konsumen Primer,Makanan & Minuman,Makanan Olahan,Makanan Olahan,Utama
ZATA,PT Bersama Zatta Jaya Tbk,Barang Konsumen Non-Primer,Perdagangan Ritel,Ritel Khusus,Ritel Pakaian & Tekstil,Pengembangan
ZBRA,PT Dosni Roha Indonesia Tbk,Perindustrian,Perusahaan Holding Multi Sektor,Perusahaan Holding Multi-sektor,Perusahaan Holding Multi-sektor,Pemantauan Khusus
ZINC,PT Kapuas Prima Coal Tbk,Barang Baku,Barang Baku,Logam & Mineral,Logam & Mineral Lainnya,Pemantauan Khusus
ZONE,PT Mega Perintis Tbk.,Barang Konsumen Non-Primer,Perdagangan Ritel,Ritel Khusus,Ritel Pakaian & Tekstil,Pengembangan
ZYRX,PT Zyrexindo Mandiri Buana Tbk,Teknologi,Perangkat Keras & Peralatan Teknologi,Perangkat Komputer,Perangkat Komputer,Pengembangan
